day,hour,station,rain_mm,delay_min,temperature,weekend,crowd_level
1,5,Thane,40,0,26,0,1
1,5,Dombivli,20,10,34,0,2
1,5,Ghatkopar,0,5,35,0,1
1,5,Kurla,0,10,34,0,2
1,5,Dadar,10,15,27,0,2
1,5,Byculla,0,10,32,0,1
1,5,CSMT,0,5,33,0,0
1,6,Thane,0,0,26,0,0
1,6,Dombivli,0,5,28,0,0
1,6,Ghatkopar,0,15,26,0,2
1,6,Kurla,10,0,34,0,1
1,6,Dadar,10,0,33,0,1
1,6,Byculla,0,2,35,0,0
1,6,CSMT,0,10,34,0,1
1,7,Thane,0,5,34,0,2
1,7,Dombivli,20,0,29,0,3
1,7,Ghatkopar,0,0,34,0,3
1,7,Kurla,0,0,34,0,3
1,7,Dadar,5,0,31,0,3
1,7,Byculla,10,2,28,0,2
1,7,CSMT,0,15,32,0,3
1,8,Thane,0,2,30,0,2
1,8,Dombivli,0,5,35,0,2
1,8,Ghatkopar,0,0,32,0,3
1,8,Kurla,40,0,33,0,3
1,8,Dadar,0,0,26,0,3
1,8,Byculla,40,0,32,0,3
1,8,CSMT,40,15,30,0,3
1,9,Thane,0,0,28,0,2
1,9,Dombivli,0,0,26,0,2
1,9,Ghatkopar,0,5,31,0,3
1,9,Kurla,0,5,32,0,3
1,9,Dadar,10,2,31,0,3
1,9,Byculla,40,15,35,0,3
1,9,CSMT,20,0,32,0,3
1,10,Thane,10,2,28,0,2
1,10,Dombivli,20,2,29,0,3
1,10,Ghatkopar,0,0,31,0,3
1,10,Kurla,40,0,29,0,3
1,10,Dadar,0,2,30,0,3
1,10,Byculla,0,0,30,0,2
1,10,CSMT,0,15,32,0,3
1,11,Thane,0,0,28,0,0
1,11,Dombivli,20,2,29,0,1
1,11,Ghatkopar,0,10,35,0,2
1,11,Kurla,20,5,32,0,2
1,11,Dadar,0,2,32,0,1
1,11,Byculla,0,0,29,0,0
1,11,CSMT,40,10,32,0,2
1,12,Thane,20,0,26,0,1
1,12,Dombivli,0,5,30,0,0
1,12,Ghatkopar,40,5,27,0,2
1,12,Kurla,0,2,34,0,1
1,12,Dadar,0,10,30,0,2
1,12,Byculla,0,5,26,0,0
1,12,CSMT,0,0,30,0,0
1,13,Thane,0,10,29,0,1
1,13,Dombivli,10,0,35,0,0
1,13,Ghatkopar,5,10,33,0,2
1,13,Kurla,20,0,26,0,2
1,13,Dadar,0,10,33,0,2
1,13,Byculla,5,15,35,0,1
1,13,CSMT,0,2,26,0,0
1,14,Thane,0,0,28,0,0
1,14,Dombivli,0,5,28,0,0
1,14,Ghatkopar,0,15,33,0,2
1,14,Kurla,0,5,35,0,1
1,14,Dadar,0,15,31,0,2
1,14,Byculla,40,5,28,0,1
1,14,CSMT,40,15,29,0,2
1,15,Thane,10,15,28,0,1
1,15,Dombivli,40,10,31,0,2
1,15,Ghatkopar,10,0,31,0,1
1,15,Kurla,0,0,26,0,1
1,15,Dadar,0,10,29,0,2
1,15,Byculla,0,15,35,0,1
1,15,CSMT,0,2,27,0,0
1,16,Thane,20,2,28,0,1
1,16,Dombivli,20,2,28,0,1
1,16,Ghatkopar,5,15,28,0,2
1,16,Kurla,40,10,31,0,3
1,16,Dadar,0,0,28,0,1
1,16,Byculla,20,15,32,0,2
1,16,CSMT,5,2,30,0,0
1,17,Thane,0,10,29,0,3
1,17,Dombivli,5,10,33,0,3
1,17,Ghatkopar,0,5,29,0,3
1,17,Kurla,0,0,29,0,3
1,17,Dadar,5,0,34,0,3
1,17,Byculla,0,10,32,0,3
1,17,CSMT,0,15,27,0,3
1,18,Thane,0,5,28,0,2
1,18,Dombivli,0,2,27,0,2
1,18,Ghatkopar,0,10,28,0,3
1,18,Kurla,0,0,30,0,3
1,18,Dadar,0,2,30,0,3
1,18,Byculla,5,0,26,0,2
1,18,CSMT,0,0,32,0,2
1,19,Thane,0,15,27,0,3
1,19,Dombivli,20,10,29,0,3
1,19,Ghatkopar,10,10,32,0,3
1,19,Kurla,10,0,34,0,3
1,19,Dadar,40,5,26,0,3
1,19,Byculla,0,5,29,0,2
1,19,CSMT,5,15,30,0,3
1,20,Thane,20,10,28,0,3
1,20,Dombivli,0,2,33,0,2
1,20,Ghatkopar,20,5,31,0,3
1,20,Kurla,0,0,33,0,3
1,20,Dadar,0,0,26,0,3
1,20,Byculla,20,15,35,0,3
1,20,CSMT,0,0,28,0,2
1,21,Thane,10,5,33,0,2
1,21,Dombivli,10,15,27,0,3
1,21,Ghatkopar,0,10,26,0,3
1,21,Kurla,20,0,28,0,3
1,21,Dadar,5,10,28,0,3
1,21,Byculla,0,0,31,0,2
1,21,CSMT,10,15,27,0,3
1,22,Thane,0,15,35,0,1
1,22,Dombivli,20,10,31,0,2
1,22,Ghatkopar,40,2,32,0,2
1,22,Kurla,10,10,29,0,2
1,22,Dadar,10,2,33,0,1
1,22,Byculla,0,10,27,0,1
1,22,CSMT,0,0,26,0,0
1,23,Thane,0,10,26,0,1
1,23,Dombivli,10,5,33,0,0
1,23,Ghatkopar,0,0,32,0,1
1,23,Kurla,0,5,28,0,1
1,23,Dadar,0,0,32,0,1
1,23,Byculla,0,5,26,0,0
1,23,CSMT,5,0,35,0,0
2,5,Thane,0,5,31,0,0
2,5,Dombivli,0,2,27,0,0
2,5,Ghatkopar,0,0,34,0,1
2,5,Kurla,0,0,32,0,1
2,5,Dadar,5,10,27,0,2
2,5,Byculla,0,2,31,0,0
2,5,CSMT,10,15,32,0,1
2,6,Thane,0,2,26,0,0
2,6,Dombivli,40,10,32,0,2
2,6,Ghatkopar,0,0,29,0,1
2,6,Kurla,0,5,26,0,1
2,6,Dadar,40,5,29,0,2
2,6,Byculla,0,5,33,0,0
2,6,CSMT,40,15,29,0,2
2,7,Thane,0,0,34,0,2
2,7,Dombivli,0,15,28,0,3
2,7,Ghatkopar,0,10,29,0,3
2,7,Kurla,40,15,28,0,3
2,7,Dadar,0,5,28,0,3
2,7,Byculla,5,0,30,0,2
2,7,CSMT,0,10,34,0,3
2,8,Thane,0,2,27,0,2
2,8,Dombivli,40,0,31,0,3
2,8,Ghatkopar,5,10,34,0,3
2,8,Kurla,0,10,31,0,3
2,8,Dadar,0,2,29,0,3
2,8,Byculla,20,0,35,0,3
2,8,CSMT,0,0,34,0,2
2,9,Thane,10,10,32,0,3
2,9,Dombivli,40,15,26,0,3
2,9,Ghatkopar,5,5,28,0,3
2,9,Kurla,0,10,32,0,3
2,9,Dadar,5,2,32,0,3
2,9,Byculla,20,0,31,0,3
2,9,CSMT,10,5,33,0,2
2,10,Thane,40,10,34,0,3
2,10,Dombivli,0,0,28,0,2
2,10,Ghatkopar,0,0,33,0,3
2,10,Kurla,0,2,27,0,3
2,10,Dadar,20,15,26,0,3
2,10,Byculla,0,5,27,0,2
2,10,CSMT,10,5,28,0,2
2,11,Thane,40,0,33,0,1
2,11,Dombivli,0,5,31,0,0
2,11,Ghatkopar,0,10,31,0,2
2,11,Kurla,5,0,29,0,1
2,11,Dadar,0,2,33,0,1
2,11,Byculla,0,0,35,0,0
2,11,CSMT,0,0,30,0,0
2,12,Thane,5,10,34,0,1
2,12,Dombivli,20,5,32,0,1
2,12,Ghatkopar,0,10,28,0,2
2,12,Kurla,0,0,27,0,1
2,12,Dadar,5,0,33,0,1
2,12,Byculla,0,2,28,0,0
2,12,CSMT,20,2,29,0,1
2,13,Thane,5,10,34,0,1
2,13,Dombivli,10,0,30,0,0
2,13,Ghatkopar,40,0,33,0,2
2,13,Kurla,40,2,30,0,2
2,13,Dadar,0,0,26,0,1
2,13,Byculla,10,0,26,0,0
2,13,CSMT,10,2,29,0,0
2,14,Thane,0,2,26,0,0
2,14,Dombivli,20,0,32,0,1
2,14,Ghatkopar,40,5,33,0,2
2,14,Kurla,10,15,31,0,2
2,14,Dadar,0,2,35,0,1
2,14,Byculla,0,2,33,0,0
2,14,CSMT,0,2,32,0,0
2,15,Thane,0,2,26,0,0
2,15,Dombivli,0,0,31,0,0
2,15,Ghatkopar,5,2,26,0,1
2,15,Kurla,5,2,28,0,1
2,15,Dadar,5,0,28,0,1
2,15,Byculla,0,0,26,0,0
2,15,CSMT,40,0,35,0,1
2,16,Thane,10,0,32,0,0
2,16,Dombivli,0,0,31,0,0
2,16,Ghatkopar,0,5,32,0,1
2,16,Kurla,0,2,30,0,1
2,16,Dadar,5,0,28,0,1
2,16,Byculla,0,5,31,0,0
2,16,CSMT,0,0,32,0,0
2,17,Thane,20,2,30,0,3
2,17,Dombivli,40,0,32,0,3
2,17,Ghatkopar,0,10,34,0,3
2,17,Kurla,0,5,30,0,3
2,17,Dadar,40,2,32,0,3
2,17,Byculla,5,10,30,0,3
2,17,CSMT,0,15,29,0,3
2,18,Thane,40,2,27,0,3
2,18,Dombivli,5,15,31,0,3
2,18,Ghatkopar,5,5,34,0,3
2,18,Kurla,40,0,33,0,3
2,18,Dadar,0,0,31,0,3
2,18,Byculla,20,10,33,0,3
2,18,CSMT,0,10,35,0,3
2,19,Thane,0,0,32,0,2
2,19,Dombivli,20,0,34,0,3
2,19,Ghatkopar,10,2,30,0,3
2,19,Kurla,40,0,35,0,3
2,19,Dadar,0,0,31,0,3
2,19,Byculla,0,0,35,0,2
2,19,CSMT,10,2,35,0,2
2,20,Thane,20,0,28,0,3
2,20,Dombivli,40,15,31,0,3
2,20,Ghatkopar,0,0,32,0,3
2,20,Kurla,5,15,32,0,3
2,20,Dadar,20,0,31,0,3
2,20,Byculla,0,15,30,0,3
2,20,CSMT,0,0,32,0,2
2,21,Thane,40,0,26,0,3
2,21,Dombivli,40,5,27,0,3
2,21,Ghatkopar,20,5,28,0,3
2,21,Kurla,0,0,27,0,3
2,21,Dadar,5,2,35,0,3
2,21,Byculla,0,0,33,0,2
2,21,CSMT,40,15,30,0,3
2,22,Thane,0,0,30,0,0
2,22,Dombivli,0,2,34,0,0
2,22,Ghatkopar,10,2,34,0,1
2,22,Kurla,0,15,34,0,2
2,22,Dadar,20,5,29,0,2
2,22,Byculla,0,2,26,0,0
2,22,CSMT,0,0,33,0,0
2,23,Thane,5,2,26,0,0
2,23,Dombivli,0,2,35,0,0
2,23,Ghatkopar,0,0,26,0,1
2,23,Kurla,0,15,26,0,2
2,23,Dadar,40,2,26,0,2
2,23,Byculla,10,10,34,0,1
2,23,CSMT,0,10,28,0,1
3,5,Thane,0,2,31,0,0
3,5,Dombivli,0,15,28,0,1
3,5,Ghatkopar,0,5,33,0,1
3,5,Kurla,0,0,32,0,1
3,5,Dadar,0,10,27,0,2
3,5,Byculla,5,5,33,0,0
3,5,CSMT,0,0,31,0,0
3,6,Thane,20,2,31,0,1
3,6,Dombivli,5,0,26,0,0
3,6,Ghatkopar,5,15,29,0,2
3,6,Kurla,0,5,30,0,1
3,6,Dadar,0,10,34,0,2
3,6,Byculla,40,5,34,0,1
3,6,CSMT,20,0,27,0,1
3,7,Thane,0,2,29,0,2
3,7,Dombivli,20,10,31,0,3
3,7,Ghatkopar,10,0,34,0,3
3,7,Kurla,0,10,31,0,3
3,7,Dadar,0,15,26,0,3
3,7,Byculla,0,0,27,0,2
3,7,CSMT,0,0,32,0,2
3,8,Thane,0,2,27,0,2
3,8,Dombivli,0,15,27,0,3
3,8,Ghatkopar,0,10,28,0,3
3,8,Kurla,40,0,27,0,3
3,8,Dadar,0,0,32,0,3
3,8,Byculla,5,10,28,0,3
3,8,CSMT,0,2,34,0,2
3,9,Thane,0,2,35,0,2
3,9,Dombivli,40,15,27,0,3
3,9,Ghatkopar,20,15,28,0,3
3,9,Kurla,0,2,28,0,3
3,9,Dadar,40,0,35,0,3
3,9,Byculla,40,5,29,0,3
3,9,CSMT,40,2,29,0,3
3,10,Thane,10,0,35,0,2
3,10,Dombivli,20,15,26,0,3
3,10,Ghatkopar,0,0,29,0,3
3,10,Kurla,0,2,33,0,3
3,10,Dadar,0,0,30,0,3
3,10,Byculla,0,0,31,0,2
3,10,CSMT,20,10,29,0,3
3,11,Thane,0,0,34,0,0
3,11,Dombivli,10,5,35,0,0
3,11,Ghatkopar,0,0,26,0,1
3,11,Kurla,0,0,31,0,1
3,11,Dadar,40,0,35,0,2
3,11,Byculla,40,10,27,0,2
3,11,CSMT,40,0,35,0,1
3,12,Thane,0,0,26,0,0
3,12,Dombivli,0,0,28,0,0
3,12,Ghatkopar,0,5,35,0,1
3,12,Kurla,10,10,34,0,2
3,12,Dadar,0,5,30,0,1
3,12,Byculla,0,0,29,0,0
3,12,CSMT,5,10,26,0,1
3,13,Thane,5,0,27,0,0
3,13,Dombivli,0,5,31,0,0
3,13,Ghatkopar,0,10,29,0,2
3,13,Kurla,10,15,31,0,2
3,13,Dadar,10,2,30,0,1
3,13,Byculla,40,0,33,0,1
3,13,CSMT,0,10,31,0,1
3,14,Thane,0,5,29,0,0
3,14,Dombivli,40,2,28,0,1
3,14,Ghatkopar,0,0,31,0,1
3,14,Kurla,0,15,34,0,2
3,14,Dadar,0,15,27,0,2
3,14,Byculla,20,0,28,0,1
3,14,CSMT,0,10,31,0,1
3,15,Thane,0,0,31,0,0
3,15,Dombivli,10,15,31,0,1
3,15,Ghatkopar,10,5,27,0,1
3,15,Kurla,40,0,32,0,2
3,15,Dadar,0,2,28,0,1
3,15,Byculla,0,0,33,0,0
3,15,CSMT,0,0,35,0,0
3,16,Thane,0,0,34,0,0
3,16,Dombivli,5,5,26,0,0
3,16,Ghatkopar,0,5,30,0,1
3,16,Kurla,20,5,35,0,2
3,16,Dadar,0,0,26,0,1
3,16,Byculla,0,5,30,0,0
3,16,CSMT,0,5,32,0,0
3,17,Thane,0,15,34,0,3
3,17,Dombivli,10,2,28,0,2
3,17,Ghatkopar,0,0,26,0,3
3,17,Kurla,0,5,28,0,3
3,17,Dadar,20,10,35,0,3
3,17,Byculla,5,2,26,0,2
3,17,CSMT,5,0,29,0,2
3,18,Thane,5,0,31,0,2
3,18,Dombivli,0,2,34,0,2
3,18,Ghatkopar,0,10,34,0,3
3,18,Kurla,0,5,31,0,3
3,18,Dadar,40,0,29,0,3
3,18,Byculla,0,15,35,0,3
3,18,CSMT,20,0,31,0,3
3,19,Thane,10,0,34,0,2
3,19,Dombivli,0,0,33,0,2
3,19,Ghatkopar,0,0,28,0,3
3,19,Kurla,0,10,32,0,3
3,19,Dadar,0,5,26,0,3
3,19,Byculla,0,15,31,0,3
3,19,CSMT,40,0,28,0,3
3,20,Thane,10,0,30,0,2
3,20,Dombivli,0,15,31,0,3
3,20,Ghatkopar,40,15,34,0,3
3,20,Kurla,0,0,28,0,3
3,20,Dadar,0,15,33,0,3
3,20,Byculla,0,0,28,0,2
3,20,CSMT,0,5,31,0,2
3,21,Thane,40,2,30,0,3
3,21,Dombivli,0,0,32,0,2
3,21,Ghatkopar,0,15,28,0,3
3,21,Kurla,10,5,29,0,3
3,21,Dadar,0,0,30,0,3
3,21,Byculla,0,0,27,0,2
3,21,CSMT,5,2,27,0,2
3,22,Thane,5,10,35,0,1
3,22,Dombivli,5,0,34,0,0
3,22,Ghatkopar,40,0,35,0,2
3,22,Kurla,20,10,28,0,3
3,22,Dadar,0,10,35,0,2
3,22,Byculla,40,5,33,0,1
3,22,CSMT,40,5,34,0,1
3,23,Thane,40,0,31,0,1
3,23,Dombivli,40,15,31,0,2
3,23,Ghatkopar,20,0,35,0,2
3,23,Kurla,0,15,31,0,2
3,23,Dadar,10,5,31,0,1
3,23,Byculla,0,0,33,0,0
3,23,CSMT,10,15,29,0,1
4,5,Thane,10,0,34,0,0
4,5,Dombivli,0,2,34,0,0
4,5,Ghatkopar,0,15,26,0,2
4,5,Kurla,0,0,35,0,1
4,5,Dadar,40,0,30,0,2
4,5,Byculla,10,5,34,0,0
4,5,CSMT,10,15,27,0,1
4,6,Thane,0,15,32,0,1
4,6,Dombivli,0,10,34,0,1
4,6,Ghatkopar,0,2,29,0,1
4,6,Kurla,20,0,28,0,2
4,6,Dadar,5,0,28,0,1
4,6,Byculla,10,0,29,0,0
4,6,CSMT,5,2,35,0,0
4,7,Thane,10,2,30,0,2
4,7,Dombivli,0,5,26,0,2
4,7,Ghatkopar,0,2,26,0,3
4,7,Kurla,0,15,26,0,3
4,7,Dadar,0,15,33,0,3
4,7,Byculla,20,5,33,0,3
4,7,CSMT,5,15,26,0,3
4,8,Thane,0,15,28,0,3
4,8,Dombivli,40,0,30,0,3
4,8,Ghatkopar,40,10,28,0,3
4,8,Kurla,5,15,33,0,3
4,8,Dadar,0,10,29,0,3
4,8,Byculla,5,5,31,0,2
4,8,CSMT,20,0,28,0,3
4,9,Thane,40,15,31,0,3
4,9,Dombivli,10,0,27,0,2
4,9,Ghatkopar,0,15,34,0,3
4,9,Kurla,0,5,30,0,3
4,9,Dadar,0,0,35,0,3
4,9,Byculla,10,5,27,0,2
4,9,CSMT,0,2,35,0,2
4,10,Thane,10,0,27,0,2
4,10,Dombivli,0,10,33,0,3
4,10,Ghatkopar,10,5,32,0,3
4,10,Kurla,0,5,32,0,3
4,10,Dadar,5,5,26,0,3
4,10,Byculla,0,0,34,0,2
4,10,CSMT,0,15,35,0,3
4,11,Thane,0,5,33,0,0
4,11,Dombivli,40,5,29,0,1
4,11,Ghatkopar,10,10,27,0,2
4,11,Kurla,10,0,33,0,1
4,11,Dadar,0,2,35,0,1
4,11,Byculla,0,2,27,0,0
4,11,CSMT,0,15,26,0,1
4,12,Thane,20,0,32,0,1
4,12,Dombivli,0,0,26,0,0
4,12,Ghatkopar,0,0,34,0,1
4,12,Kurla,0,2,35,0,1
4,12,Dadar,0,10,35,0,2
4,12,Byculla,0,5,34,0,0
4,12,CSMT,0,5,29,0,0
4,13,Thane,0,0,33,0,0
4,13,Dombivli,10,0,27,0,0
4,13,Ghatkopar,0,15,32,0,2
4,13,Kurla,0,10,29,0,2
4,13,Dadar,10,2,31,0,1
4,13,Byculla,20,0,34,0,1
4,13,CSMT,5,15,32,0,1
4,14,Thane,5,0,33,0,0
4,14,Dombivli,5,5,32,0,0
4,14,Ghatkopar,0,5,32,0,1
4,14,Kurla,0,2,34,0,1
4,14,Dadar,5,0,31,0,1
4,14,Byculla,0,0,35,0,0
4,14,CSMT,20,0,29,0,1
4,15,Thane,5,10,29,0,1
4,15,Dombivli,40,5,30,0,1
4,15,Ghatkopar,20,2,29,0,2
4,15,Kurla,0,10,31,0,2
4,15,Dadar,5,15,34,0,2
4,15,Byculla,5,2,31,0,0
4,15,CSMT,10,10,35,0,1
4,16,Thane,40,2,32,0,1
4,16,Dombivli,5,10,33,0,1
4,16,Ghatkopar,0,0,26,0,1
4,16,Kurla,10,2,33,0,1
4,16,Dadar,40,0,31,0,2
4,16,Byculla,20,5,29,0,1
4,16,CSMT,40,0,35,0,1
4,17,Thane,5,0,33,0,2
4,17,Dombivli,5,2,28,0,2
4,17,Ghatkopar,0,0,28,0,3
4,17,Kurla,0,15,30,0,3
4,17,Dadar,0,15,29,0,3
4,17,Byculla,0,10,30,0,3
4,17,CSMT,20,15,33,0,3
4,18,Thane,0,5,31,0,2
4,18,Dombivli,20,0,28,0,3
4,18,Ghatkopar,20,15,27,0,3
4,18,Kurla,20,0,31,0,3
4,18,Dadar,0,0,27,0,3
4,18,Byculla,0,0,33,0,2
4,18,CSMT,40,5,34,0,3
4,19,Thane,0,15,31,0,3
4,19,Dombivli,0,5,32,0,2
4,19,Ghatkopar,40,5,26,0,3
4,19,Kurla,0,15,26,0,3
4,19,Dadar,0,10,26,0,3
4,19,Byculla,20,15,30,0,3
4,19,CSMT,10,2,32,0,2
4,20,Thane,40,15,35,0,3
4,20,Dombivli,0,0,26,0,2
4,20,Ghatkopar,0,0,27,0,3
4,20,Kurla,10,0,26,0,3
4,20,Dadar,10,15,28,0,3
4,20,Byculla,0,0,31,0,2
4,20,CSMT,0,0,33,0,2
4,21,Thane,5,2,30,0,2
4,21,Dombivli,0,10,27,0,3
4,21,Ghatkopar,10,0,35,0,3
4,21,Kurla,40,0,33,0,3
4,21,Dadar,0,10,31,0,3
4,21,Byculla,0,2,35,0,2
4,21,CSMT,10,15,33,0,3
4,22,Thane,0,5,27,0,0
4,22,Dombivli,0,5,27,0,0
4,22,Ghatkopar,0,0,32,0,1
4,22,Kurla,0,15,33,0,2
4,22,Dadar,20,0,32,0,2
4,22,Byculla,0,0,29,0,0
4,22,CSMT,0,0,31,0,0
4,23,Thane,10,5,35,0,0
4,23,Dombivli,5,15,27,0,1
4,23,Ghatkopar,0,2,29,0,1
4,23,Kurla,10,15,28,0,2
4,23,Dadar,40,0,26,0,2
4,23,Byculla,0,0,28,0,0
4,23,CSMT,0,5,31,0,0
5,5,Thane,0,0,33,0,0
5,5,Dombivli,0,0,30,0,0
5,5,Ghatkopar,0,5,29,0,1
5,5,Kurla,20,5,27,0,2
5,5,Dadar,0,5,28,0,1
5,5,Byculla,0,0,27,0,0
5,5,CSMT,0,2,27,0,0
5,6,Thane,0,2,32,0,0
5,6,Dombivli,10,0,32,0,0
5,6,Ghatkopar,40,5,29,0,2
5,6,Kurla,10,2,31,0,1
5,6,Dadar,20,0,26,0,2
5,6,Byculla,10,15,27,0,1
5,6,CSMT,0,0,29,0,0
5,7,Thane,0,0,31,0,2
5,7,Dombivli,20,0,29,0,3
5,7,Ghatkopar,0,5,33,0,3
5,7,Kurla,20,5,31,0,3
5,7,Dadar,0,0,33,0,3
5,7,Byculla,0,0,29,0,2
5,7,CSMT,0,15,30,0,3
5,8,Thane,5,2,35,0,2
5,8,Dombivli,40,10,32,0,3
5,8,Ghatkopar,40,2,31,0,3
5,8,Kurla,40,0,35,0,3
5,8,Dadar,0,2,32,0,3
5,8,Byculla,0,2,26,0,2
5,8,CSMT,0,0,29,0,2
5,9,Thane,0,0,29,0,2
5,9,Dombivli,0,2,35,0,2
5,9,Ghatkopar,0,2,30,0,3
5,9,Kurla,0,2,26,0,3
5,9,Dadar,5,15,26,0,3
5,9,Byculla,40,15,30,0,3
5,9,CSMT,0,10,35,0,3
5,10,Thane,0,0,26,0,2
5,10,Dombivli,0,10,26,0,3
5,10,Ghatkopar,0,0,31,0,3
5,10,Kurla,0,0,30,0,3
5,10,Dadar,0,0,32,0,3
5,10,Byculla,40,10,29,0,3
5,10,CSMT,5,0,33,0,2
5,11,Thane,0,15,31,0,1
5,11,Dombivli,0,5,27,0,0
5,11,Ghatkopar,10,5,26,0,1
5,11,Kurla,0,0,28,0,1
5,11,Dadar,20,0,31,0,2
5,11,Byculla,40,5,33,0,1
5,11,CSMT,40,10,30,0,2
5,12,Thane,5,15,34,0,1
5,12,Dombivli,0,15,28,0,1
5,12,Ghatkopar,10,2,33,0,1
5,12,Kurla,40,15,27,0,3
5,12,Dadar,0,0,33,0,1
5,12,Byculla,10,2,34,0,0
5,12,CSMT,0,0,34,0,0
5,13,Thane,0,5,33,0,0
5,13,Dombivli,40,0,34,0,1
5,13,Ghatkopar,0,0,31,0,1
5,13,Kurla,20,2,32,0,2
5,13,Dadar,20,15,26,0,3
5,13,Byculla,0,0,28,0,0
5,13,CSMT,40,5,31,0,1
5,14,Thane,40,0,30,0,1
5,14,Dombivli,0,15,35,0,1
5,14,Ghatkopar,0,0,31,0,1
5,14,Kurla,20,15,32,0,3
5,14,Dadar,5,2,34,0,1
5,14,Byculla,10,0,30,0,0
5,14,CSMT,0,10,29,0,1
5,15,Thane,10,2,33,0,0
5,15,Dombivli,40,10,29,0,2
5,15,Ghatkopar,0,0,26,0,1
5,15,Kurla,0,15,29,0,2
5,15,Dadar,20,5,35,0,2
5,15,Byculla,10,15,26,0,1
5,15,CSMT,5,2,31,0,0
5,16,Thane,10,10,35,0,1
5,16,Dombivli,20,10,31,0,2
5,16,Ghatkopar,10,15,31,0,2
5,16,Kurla,10,0,32,0,1
5,16,Dadar,40,2,29,0,2
5,16,Byculla,10,2,27,0,0
5,16,CSMT,0,5,30,0,0
5,17,Thane,0,2,27,0,2
5,17,Dombivli,0,0,27,0,2
5,17,Ghatkopar,0,2,27,0,3
5,17,Kurla,5,5,29,0,3
5,17,Dadar,10,10,28,0,3
5,17,Byculla,0,10,30,0,3
5,17,CSMT,5,2,32,0,2
5,18,Thane,0,10,30,0,3
5,18,Dombivli,10,10,26,0,3
5,18,Ghatkopar,0,0,29,0,3
5,18,Kurla,10,15,35,0,3
5,18,Dadar,10,15,27,0,3
5,18,Byculla,40,15,32,0,3
5,18,CSMT,5,0,29,0,2
5,19,Thane,0,0,32,0,2
5,19,Dombivli,40,5,35,0,3
5,19,Ghatkopar,0,5,26,0,3
5,19,Kurla,5,10,28,0,3
5,19,Dadar,0,0,30,0,3
5,19,Byculla,10,5,35,0,2
5,19,CSMT,40,15,31,0,3
5,20,Thane,0,0,26,0,2
5,20,Dombivli,0,0,31,0,2
5,20,Ghatkopar,0,10,32,0,3
5,20,Kurla,5,2,34,0,3
5,20,Dadar,40,0,28,0,3
5,20,Byculla,0,15,29,0,3
5,20,CSMT,0,2,28,0,2
5,21,Thane,5,10,33,0,3
5,21,Dombivli,0,2,26,0,2
5,21,Ghatkopar,10,0,31,0,3
5,21,Kurla,0,2,33,0,3
5,21,Dadar,40,0,30,0,3
5,21,Byculla,40,15,34,0,3
5,21,CSMT,20,10,27,0,3
5,22,Thane,5,10,30,0,1
5,22,Dombivli,0,0,29,0,0
5,22,Ghatkopar,0,10,27,0,2
5,22,Kurla,0,10,29,0,2
5,22,Dadar,40,2,27,0,2
5,22,Byculla,0,0,28,0,0
5,22,CSMT,0,0,33,0,0
5,23,Thane,5,5,32,0,0
5,23,Dombivli,5,0,32,0,0
5,23,Ghatkopar,20,5,30,0,2
5,23,Kurla,5,2,31,0,1
5,23,Dadar,0,2,27,0,1
5,23,Byculla,0,2,34,0,0
5,23,CSMT,40,0,34,0,1
6,5,Thane,0,0,28,0,0
6,5,Dombivli,5,15,33,0,1
6,5,Ghatkopar,10,0,28,0,1
6,5,Kurla,10,5,32,1,0
6,5,Dadar,20,2,26,1,1
6,5,Byculla,20,2,31,1,0
6,5,CSMT,0,0,28,1,0
6,6,Thane,10,0,35,0,0
6,6,Dombivli,10,0,29,0,0
6,6,Ghatkopar,5,0,29,0,1
6,6,Kurla,0,15,35,1,1
6,6,Dadar,40,10,32,1,2
6,6,Byculla,0,0,32,1,0
6,6,CSMT,10,0,27,1,0
6,7,Thane,0,10,26,0,3
6,7,Dombivli,0,0,27,0,2
6,7,Ghatkopar,0,0,26,1,2
6,7,Kurla,0,15,33,0,3
6,7,Dadar,0,0,29,0,3
6,7,Byculla,0,15,28,0,3
6,7,CSMT,40,10,35,1,3
6,8,Thane,20,10,31,0,3
6,8,Dombivli,10,15,28,0,3
6,8,Ghatkopar,0,0,33,1,2
6,8,Kurla,5,2,35,1,2
6,8,Dadar,0,5,29,1,2
6,8,Byculla,20,15,27,1,3
6,8,CSMT,0,0,33,1,1
6,9,Thane,0,5,34,0,2
6,9,Dombivli,5,2,33,0,2
6,9,Ghatkopar,40,0,27,1,3
6,9,Kurla,5,5,26,0,3
6,9,Dadar,10,15,28,0,3
6,9,Byculla,0,5,32,1,1
6,9,CSMT,5,10,29,1,2
6,10,Thane,0,5,35,0,2
6,10,Dombivli,0,0,31,0,2
6,10,Ghatkopar,0,0,31,1,2
6,10,Kurla,0,0,26,1,2
6,10,Dadar,0,10,27,1,3
6,10,Byculla,5,10,32,0,3
6,10,CSMT,5,10,30,0,3
6,11,Thane,0,10,34,1,0
6,11,Dombivli,10,5,27,1,0
6,11,Ghatkopar,10,2,29,1,0
6,11,Kurla,0,0,33,0,1
6,11,Dadar,0,15,33,1,1
6,11,Byculla,0,0,29,1,0
6,11,CSMT,40,2,33,0,1
6,12,Thane,40,0,32,0,1
6,12,Dombivli,0,0,31,0,0
6,12,Ghatkopar,10,0,30,1,0
6,12,Kurla,0,0,29,0,1
6,12,Dadar,0,15,27,1,1
6,12,Byculla,20,10,32,0,2
6,12,CSMT,0,2,33,1,0
6,13,Thane,40,0,28,0,1
6,13,Dombivli,5,10,33,0,1
6,13,Ghatkopar,0,0,28,0,1
6,13,Kurla,40,10,26,1,2
6,13,Dadar,40,5,28,1,1
6,13,Byculla,0,15,32,0,1
6,13,CSMT,20,0,35,1,0
6,14,Thane,0,0,26,1,0
6,14,Dombivli,10,2,27,0,0
6,14,Ghatkopar,0,2,31,1,0
6,14,Kurla,0,0,30,0,1
6,14,Dadar,5,15,35,0,2
6,14,Byculla,10,0,26,1,0
6,14,CSMT,10,10,31,1,0
6,15,Thane,0,10,35,1,0
6,15,Dombivli,40,0,31,1,0
6,15,Ghatkopar,40,10,29,0,3
6,15,Kurla,10,5,27,1,0
6,15,Dadar,0,10,34,0,2
6,15,Byculla,10,0,32,0,0
6,15,CSMT,0,5,27,1,0
6,16,Thane,40,2,28,0,1
6,16,Dombivli,10,10,30,0,1
6,16,Ghatkopar,0,5,27,0,1
6,16,Kurla,5,2,27,0,1
6,16,Dadar,0,0,27,1,0
6,16,Byculla,0,10,29,0,1
6,16,CSMT,0,0,34,1,0
6,17,Thane,10,0,31,0,2
6,17,Dombivli,0,0,31,1,1
6,17,Ghatkopar,0,2,33,1,2
6,17,Kurla,20,10,26,1,3
6,17,Dadar,5,10,30,0,3
6,17,Byculla,40,0,32,0,3
6,17,CSMT,10,15,26,0,3
6,18,Thane,0,0,31,0,2
6,18,Dombivli,40,15,30,0,3
6,18,Ghatkopar,0,2,32,0,3
6,18,Kurla,0,10,32,0,3
6,18,Dadar,10,0,34,0,3
6,18,Byculla,20,10,35,0,3
6,18,CSMT,0,0,27,1,1
6,19,Thane,5,0,28,0,2
6,19,Dombivli,0,2,29,0,2
6,19,Ghatkopar,5,15,26,1,3
6,19,Kurla,0,10,34,1,3
6,19,Dadar,20,0,32,1,3
6,19,Byculla,0,10,29,1,2
6,19,CSMT,20,0,27,0,3
6,20,Thane,0,2,34,0,2
6,20,Dombivli,10,0,33,0,2
6,20,Ghatkopar,20,10,26,0,3
6,20,Kurla,20,5,27,1,3
6,20,Dadar,0,2,28,1,2
6,20,Byculla,40,15,29,1,3
6,20,CSMT,10,15,29,0,3
6,21,Thane,10,10,35,1,2
6,21,Dombivli,0,0,34,1,1
6,21,Ghatkopar,0,0,31,1,2
6,21,Kurla,5,0,26,1,2
6,21,Dadar,10,0,30,1,2
6,21,Byculla,10,0,35,1,1
6,21,CSMT,0,5,29,1,1
6,22,Thane,0,10,26,0,1
6,22,Dombivli,0,15,26,1,0
6,22,Ghatkopar,0,10,30,1,1
6,22,Kurla,20,15,30,0,3
6,22,Dadar,5,0,26,0,1
6,22,Byculla,5,0,32,0,0
6,22,CSMT,10,5,32,1,0
6,23,Thane,0,0,29,0,0
6,23,Dombivli,5,5,28,1,0
6,23,Ghatkopar,20,15,27,0,3
6,23,Kurla,0,15,35,1,1
6,23,Dadar,40,0,32,1,1
6,23,Byculla,20,0,31,0,1
6,23,CSMT,0,10,28,0,1
7,5,Thane,5,5,32,0,0
7,5,Dombivli,10,5,35,1,0
7,5,Ghatkopar,0,0,35,0,1
7,5,Kurla,0,0,28,0,1
7,5,Dadar,20,15,28,1,2
7,5,Byculla,40,15,32,0,2
7,5,CSMT,0,10,33,0,1
7,6,Thane,5,10,27,1,0
7,6,Dombivli,40,0,33,1,0
7,6,Ghatkopar,20,2,30,0,2
7,6,Kurla,0,5,26,0,1
7,6,Dadar,10,0,32,1,0
7,6,Byculla,0,0,35,0,0
7,6,CSMT,0,10,27,1,0
7,7,Thane,0,15,27,1,2
7,7,Dombivli,5,15,30,1,2
7,7,Ghatkopar,0,0,28,1,2
7,7,Kurla,20,0,31,1,3
7,7,Dadar,0,5,30,1,2
7,7,Byculla,20,5,26,1,2
7,7,CSMT,20,15,30,0,3
7,8,Thane,0,5,32,1,1
7,8,Dombivli,0,2,30,0,2
7,8,Ghatkopar,0,5,34,0,3
7,8,Kurla,0,2,35,1,2
7,8,Dadar,0,2,35,0,3
7,8,Byculla,5,2,29,1,1
7,8,CSMT,0,15,31,1,2
7,9,Thane,0,0,30,1,1
7,9,Dombivli,20,15,28,0,3
7,9,Ghatkopar,0,15,27,1,3
7,9,Kurla,0,0,35,0,3
7,9,Dadar,0,5,32,1,2
7,9,Byculla,0,10,26,1,2
7,9,CSMT,0,5,27,0,2
7,10,Thane,0,2,29,0,2
7,10,Dombivli,20,15,35,0,3
7,10,Ghatkopar,10,10,26,1,3
7,10,Kurla,5,10,32,0,3
7,10,Dadar,10,2,27,0,3
7,10,Byculla,20,10,35,1,3
7,10,CSMT,5,0,32,1,1
7,11,Thane,0,10,32,0,1
7,11,Dombivli,10,0,29,0,0
7,11,Ghatkopar,20,10,30,1,2
7,11,Kurla,5,15,34,0,2
7,11,Dadar,5,15,34,1,1
7,11,Byculla,0,0,30,0,0
7,11,CSMT,20,10,35,1,1
7,12,Thane,20,0,30,0,1
7,12,Dombivli,0,0,28,0,0
7,12,Ghatkopar,20,5,30,1,1
7,12,Kurla,10,5,28,0,1
7,12,Dadar,5,10,31,0,2
7,12,Byculla,0,5,34,0,0
7,12,CSMT,0,0,32,1,0
7,13,Thane,10,0,33,1,0
7,13,Dombivli,0,0,31,0,0
7,13,Ghatkopar,20,0,26,1,1
7,13,Kurla,10,5,29,0,1
7,13,Dadar,0,5,33,1,0
7,13,Byculla,20,0,34,0,1
7,13,CSMT,0,2,32,1,0
7,14,Thane,40,10,28,1,1
7,14,Dombivli,40,15,26,0,2
7,14,Ghatkopar,0,0,31,1,0
7,14,Kurla,0,15,30,0,2
7,14,Dadar,40,5,34,0,2
7,14,Byculla,0,5,34,0,0
7,14,CSMT,40,0,30,0,1
7,15,Thane,5,2,30,0,0
7,15,Dombivli,20,0,34,1,0
7,15,Ghatkopar,10,15,31,0,2
7,15,Kurla,0,5,26,1,0
7,15,Dadar,0,10,30,0,2
7,15,Byculla,0,2,28,0,0
7,15,CSMT,0,15,28,1,0
7,16,Thane,40,15,27,0,2
7,16,Dombivli,0,0,27,1,0
7,16,Ghatkopar,0,2,32,0,1
7,16,Kurla,0,0,28,1,0
7,16,Dadar,0,15,26,1,1
7,16,Byculla,20,2,33,0,1
7,16,CSMT,40,10,27,0,2
7,17,Thane,0,5,35,1,1
7,17,Dombivli,0,0,28,0,2
7,17,Ghatkopar,20,5,28,0,3
7,17,Kurla,20,2,28,1,3
7,17,Dadar,5,15,33,0,3
7,17,Byculla,5,10,29,1,2
7,17,CSMT,0,10,26,0,3
7,18,Thane,0,2,35,0,2
7,18,Dombivli,20,2,32,1,2
7,18,Ghatkopar,0,15,27,0,3
7,18,Kurla,10,10,30,1,3
7,18,Dadar,5,0,35,1,2
7,18,Byculla,0,15,26,1,2
7,18,CSMT,40,2,34,0,3
7,19,Thane,0,0,29,1,1
7,19,Dombivli,0,2,35,0,2
7,19,Ghatkopar,10,10,29,1,3
7,19,Kurla,0,0,34,1,2
7,19,Dadar,0,0,27,0,3
7,19,Byculla,0,5,30,0,2
7,19,CSMT,5,10,29,0,3
7,20,Thane,0,10,31,0,3
7,20,Dombivli,5,2,27,0,2
7,20,Ghatkopar,10,2,29,0,3
7,20,Kurla,10,10,35,1,3
7,20,Dadar,0,15,31,1,3
7,20,Byculla,5,0,27,1,1
7,20,CSMT,0,2,27,0,2
7,21,Thane,0,0,35,0,2
7,21,Dombivli,0,5,30,0,2
7,21,Ghatkopar,5,2,29,1,2
7,21,Kurla,0,10,32,0,3
7,21,Dadar,10,15,32,0,3
7,21,Byculla,0,15,35,0,3
7,21,CSMT,0,10,29,0,3
7,22,Thane,10,0,28,1,0
7,22,Dombivli,5,5,35,0,0
7,22,Ghatkopar,20,2,28,0,2
7,22,Kurla,20,0,35,1,1
7,22,Dadar,5,10,29,1,1
7,22,Byculla,5,2,31,1,0
7,22,CSMT,10,0,28,0,0
7,23,Thane,5,0,28,0,0
7,23,Dombivli,20,10,33,0,2
7,23,Ghatkopar,5,10,31,0,2
7,23,Kurla,40,2,27,1,1
7,23,Dadar,0,0,35,1,0
7,23,Byculla,10,5,35,1,0
7,23,CSMT,0,15,32,0,1
8,5,Thane,0,0,35,0,0
8,5,Dombivli,0,15,28,0,1
8,5,Ghatkopar,0,5,28,0,1
8,5,Kurla,20,0,26,0,2
8,5,Dadar,0,2,26,0,1
8,5,Byculla,20,5,34,0,1
8,5,CSMT,20,5,33,0,1
8,6,Thane,10,2,29,0,0
8,6,Dombivli,40,15,28,0,2
8,6,Ghatkopar,0,0,33,0,1
8,6,Kurla,10,15,28,0,2
8,6,Dadar,20,0,33,0,2
8,6,Byculla,0,5,33,0,0
8,6,CSMT,20,2,31,0,1
8,7,Thane,0,0,33,0,2
8,7,Dombivli,0,10,28,0,3
8,7,Ghatkopar,0,5,33,0,3
8,7,Kurla,0,0,33,0,3
8,7,Dadar,0,0,28,0,3
8,7,Byculla,0,5,33,0,2
8,7,CSMT,0,2,26,0,2
8,8,Thane,0,10,34,0,3
8,8,Dombivli,0,15,29,0,3
8,8,Ghatkopar,40,0,27,0,3
8,8,Kurla,0,2,32,0,3
8,8,Dadar,20,2,28,0,3
8,8,Byculla,0,0,29,0,2
8,8,CSMT,0,0,32,0,2
8,9,Thane,0,0,28,0,2
8,9,Dombivli,40,0,34,0,3
8,9,Ghatkopar,0,10,33,0,3
8,9,Kurla,0,5,34,0,3
8,9,Dadar,0,2,29,0,3
8,9,Byculla,20,2,29,0,3
8,9,CSMT,20,0,31,0,3
8,10,Thane,40,0,26,0,3
8,10,Dombivli,10,10,26,0,3
8,10,Ghatkopar,0,0,28,0,3
8,10,Kurla,0,0,31,0,3
8,10,Dadar,40,5,35,0,3
8,10,Byculla,0,10,26,0,3
8,10,CSMT,0,10,33,0,3
8,11,Thane,0,10,34,0,1
8,11,Dombivli,0,15,33,0,1
8,11,Ghatkopar,0,2,29,0,1
8,11,Kurla,20,15,28,0,3
8,11,Dadar,0,0,29,0,1
8,11,Byculla,20,0,34,0,1
8,11,CSMT,0,0,31,0,0
8,12,Thane,0,0,28,0,0
8,12,Dombivli,20,15,31,0,2
8,12,Ghatkopar,20,0,29,0,2
8,12,Kurla,20,0,32,0,2
8,12,Dadar,0,2,29,0,1
8,12,Byculla,40,15,29,0,2
8,12,CSMT,0,10,30,0,1
8,13,Thane,10,15,33,0,1
8,13,Dombivli,20,0,32,0,1
8,13,Ghatkopar,5,10,26,0,2
8,13,Kurla,0,0,30,0,1
8,13,Dadar,5,10,31,0,2
8,13,Byculla,20,2,32,0,1
8,13,CSMT,20,0,35,0,1
8,14,Thane,40,0,34,0,1
8,14,Dombivli,10,10,27,0,1
8,14,Ghatkopar,5,0,30,0,1
8,14,Kurla,40,5,35,0,2
8,14,Dadar,0,2,33,0,1
8,14,Byculla,5,5,27,0,0
8,14,CSMT,10,0,31,0,0
8,15,Thane,20,0,31,0,1
8,15,Dombivli,10,10,31,0,1
8,15,Ghatkopar,0,5,29,0,1
8,15,Kurla,0,15,34,0,2
8,15,Dadar,0,0,34,0,1
8,15,Byculla,0,5,30,0,0
8,15,CSMT,10,5,28,0,0
8,16,Thane,0,0,29,0,0
8,16,Dombivli,40,15,31,0,2
8,16,Ghatkopar,0,0,34,0,1
8,16,Kurla,0,2,30,0,1
8,16,Dadar,10,2,32,0,1
8,16,Byculla,40,0,28,0,1
8,16,CSMT,20,0,28,0,1
8,17,Thane,20,15,32,0,3
8,17,Dombivli,0,10,32,0,3
8,17,Ghatkopar,40,2,32,0,3
8,17,Kurla,0,2,33,0,3
8,17,Dadar,10,10,34,0,3
8,17,Byculla,0,15,27,0,3
8,17,CSMT,0,0,35,0,2
8,18,Thane,0,10,30,0,3
8,18,Dombivli,0,0,34,0,2
8,18,Ghatkopar,10,0,27,0,3
8,18,Kurla,40,0,27,0,3
8,18,Dadar,5,15,31,0,3
8,18,Byculla,20,0,32,0,3
8,18,CSMT,20,2,29,0,3
8,19,Thane,0,2,33,0,2
8,19,Dombivli,10,5,34,0,2
8,19,Ghatkopar,40,15,28,0,3
8,19,Kurla,0,10,27,0,3
8,19,Dadar,10,0,27,0,3
8,19,Byculla,0,15,34,0,3
8,19,CSMT,40,0,34,0,3
8,20,Thane,0,0,33,0,2
8,20,Dombivli,0,0,34,0,2
8,20,Ghatkopar,0,0,34,0,3
8,20,Kurla,0,0,29,0,3
8,20,Dadar,5,0,30,0,3
8,20,Byculla,0,2,33,0,2
8,20,CSMT,20,5,30,0,3
8,21,Thane,0,5,33,0,2
8,21,Dombivli,10,10,30,0,3
8,21,Ghatkopar,0,0,32,0,3
8,21,Kurla,0,15,30,0,3
8,21,Dadar,0,0,33,0,3
8,21,Byculla,0,2,35,0,2
8,21,CSMT,5,0,32,0,2
8,22,Thane,0,2,29,0,0
8,22,Dombivli,0,10,29,0,1
8,22,Ghatkopar,5,10,31,0,2
8,22,Kurla,5,0,26,0,1
8,22,Dadar,0,15,27,0,2
8,22,Byculla,5,10,35,0,1
8,22,CSMT,0,10,30,0,1
8,23,Thane,0,5,30,0,0
8,23,Dombivli,5,10,30,0,1
8,23,Ghatkopar,0,0,30,0,1
8,23,Kurla,0,2,27,0,1
8,23,Dadar,0,0,32,0,1
8,23,Byculla,0,15,33,0,1
8,23,CSMT,40,0,33,0,1
9,5,Thane,10,10,34,0,1
9,5,Dombivli,0,0,33,0,0
9,5,Ghatkopar,0,0,28,0,1
9,5,Kurla,5,0,34,0,1
9,5,Dadar,20,15,32,0,3
9,5,Byculla,10,5,35,0,0
9,5,CSMT,0,2,35,0,0
9,6,Thane,20,15,32,0,2
9,6,Dombivli,20,0,27,0,1
9,6,Ghatkopar,0,10,27,0,2
9,6,Kurla,0,2,33,0,1
9,6,Dadar,0,15,32,0,2
9,6,Byculla,10,10,31,0,1
9,6,CSMT,0,0,30,0,0
9,7,Thane,0,15,29,0,3
9,7,Dombivli,40,0,29,0,3
9,7,Ghatkopar,0,10,27,0,3
9,7,Kurla,0,10,32,0,3
9,7,Dadar,0,5,32,0,3
9,7,Byculla,0,5,32,0,2
9,7,CSMT,10,5,28,0,2
9,8,Thane,5,5,32,0,2
9,8,Dombivli,20,10,30,0,3
9,8,Ghatkopar,0,2,28,0,3
9,8,Kurla,10,5,32,0,3
9,8,Dadar,0,0,33,0,3
9,8,Byculla,0,0,32,0,2
9,8,CSMT,10,15,27,0,3
9,9,Thane,0,2,29,0,2
9,9,Dombivli,20,15,27,0,3
9,9,Ghatkopar,10,2,30,0,3
9,9,Kurla,20,5,33,0,3
9,9,Dadar,40,0,26,0,3
9,9,Byculla,10,10,26,0,3
9,9,CSMT,0,2,35,0,2
9,10,Thane,20,5,33,0,3
9,10,Dombivli,20,0,35,0,3
9,10,Ghatkopar,5,5,31,0,3
9,10,Kurla,40,0,32,0,3
9,10,Dadar,40,10,26,0,3
9,10,Byculla,0,15,28,0,3
9,10,CSMT,0,0,33,0,2
9,11,Thane,0,5,29,0,0
9,11,Dombivli,0,10,29,0,1
9,11,Ghatkopar,0,2,32,0,1
9,11,Kurla,20,2,31,0,2
9,11,Dadar,40,10,27,0,3
9,11,Byculla,0,15,28,0,1
9,11,CSMT,20,10,27,0,2
9,12,Thane,0,15,34,0,1
9,12,Dombivli,20,0,33,0,1
9,12,Ghatkopar,5,0,30,0,1
9,12,Kurla,0,10,34,0,2
9,12,Dadar,0,5,32,0,1
9,12,Byculla,0,0,26,0,0
9,12,CSMT,0,0,28,0,0
9,13,Thane,0,5,26,0,0
9,13,Dombivli,0,15,30,0,1
9,13,Ghatkopar,20,0,30,0,2
9,13,Kurla,10,0,30,0,1
9,13,Dadar,20,15,26,0,3
9,13,Byculla,10,0,33,0,0
9,13,CSMT,20,0,30,0,1
9,14,Thane,40,2,29,0,1
9,14,Dombivli,0,0,34,0,0
9,14,Ghatkopar,40,0,26,0,2
9,14,Kurla,20,10,28,0,3
9,14,Dadar,20,15,33,0,3
9,14,Byculla,0,0,27,0,0
9,14,CSMT,10,15,34,0,1
9,15,Thane,0,15,28,0,1
9,15,Dombivli,0,2,32,0,0
9,15,Ghatkopar,20,10,35,0,3
9,15,Kurla,0,10,33,0,2
9,15,Dadar,10,10,30,0,2
9,15,Byculla,0,2,30,0,0
9,15,CSMT,5,5,27,0,0
9,16,Thane,0,2,30,0,0
9,16,Dombivli,0,5,32,0,0
9,16,Ghatkopar,40,0,26,0,2
9,16,Kurla,0,5,30,0,1
9,16,Dadar,0,10,35,0,2
9,16,Byculla,0,0,27,0,0
9,16,CSMT,10,5,33,0,0
9,17,Thane,0,10,33,0,3
9,17,Dombivli,10,0,30,0,2
9,17,Ghatkopar,40,2,26,0,3
9,17,Kurla,20,0,27,0,3
9,17,Dadar,0,0,28,0,3
9,17,Byculla,40,5,29,0,3
9,17,CSMT,0,0,33,0,2
9,18,Thane,20,0,26,0,3
9,18,Dombivli,0,15,33,0,3
9,18,Ghatkopar,5,15,35,0,3
9,18,Kurla,10,0,30,0,3
9,18,Dadar,0,2,35,0,3
9,18,Byculla,40,10,35,0,3
9,18,CSMT,10,0,31,0,2
9,19,Thane,0,2,29,0,2
9,19,Dombivli,20,0,28,0,3
9,19,Ghatkopar,40,10,26,0,3
9,19,Kurla,0,0,33,0,3
9,19,Dadar,0,5,28,0,3
9,19,Byculla,40,0,33,0,3
9,19,CSMT,0,2,33,0,2
9,20,Thane,0,0,31,0,2
9,20,Dombivli,0,0,34,0,2
9,20,Ghatkopar,10,2,27,0,3
9,20,Kurla,0,10,34,0,3
9,20,Dadar,0,5,26,0,3
9,20,Byculla,5,10,26,0,3
9,20,CSMT,40,0,33,0,3
9,21,Thane,0,2,35,0,2
9,21,Dombivli,5,5,34,0,2
9,21,Ghatkopar,40,5,31,0,3
9,21,Kurla,20,2,33,0,3
9,21,Dadar,0,0,34,0,3
9,21,Byculla,10,15,35,0,3
9,21,CSMT,40,15,30,0,3
9,22,Thane,20,15,34,0,2
9,22,Dombivli,0,0,35,0,0
9,22,Ghatkopar,40,0,29,0,2
9,22,Kurla,10,0,34,0,1
9,22,Dadar,5,10,32,0,2
9,22,Byculla,5,10,31,0,1
9,22,CSMT,0,15,35,0,1
9,23,Thane,5,2,26,0,0
9,23,Dombivli,0,15,34,0,1
9,23,Ghatkopar,10,0,34,0,1
9,23,Kurla,10,5,31,0,1
9,23,Dadar,20,10,28,0,3
9,23,Byculla,10,5,29,0,0
9,23,CSMT,40,5,32,0,1
10,5,Thane,0,0,26,0,0
10,5,Dombivli,0,2,34,0,0
10,5,Ghatkopar,0,5,35,0,1
10,5,Kurla,0,10,35,0,2
10,5,Dadar,10,2,32,0,1
10,5,Byculla,0,15,26,0,1
10,5,CSMT,0,15,28,0,1
10,6,Thane,0,5,28,0,0
10,6,Dombivli,20,10,31,0,2
10,6,Ghatkopar,0,2,30,0,1
10,6,Kurla,0,2,30,0,1
10,6,Dadar,0,0,29,0,1
10,6,Byculla,0,0,32,0,0
10,6,CSMT,20,0,30,0,1
10,7,Thane,0,15,30,0,3
10,7,Dombivli,0,0,29,0,2
10,7,Ghatkopar,0,10,35,0,3
10,7,Kurla,0,0,29,0,3
10,7,Dadar,40,0,31,0,3
10,7,Byculla,0,10,30,0,3
10,7,CSMT,0,0,32,0,2
10,8,Thane,0,2,33,0,2
10,8,Dombivli,0,5,32,0,2
10,8,Ghatkopar,20,2,29,0,3
10,8,Kurla,20,10,32,0,3
10,8,Dadar,10,2,35,0,3
10,8,Byculla,0,0,31,0,2
10,8,CSMT,0,0,34,0,2
10,9,Thane,0,5,26,0,2
10,9,Dombivli,0,2,31,0,2
10,9,Ghatkopar,40,5,31,0,3
10,9,Kurla,0,0,33,0,3
10,9,Dadar,0,10,31,0,3
10,9,Byculla,0,0,30,0,2
10,9,CSMT,40,0,32,0,3
10,10,Thane,0,2,33,0,2
10,10,Dombivli,20,0,32,0,3
10,10,Ghatkopar,20,2,30,0,3
10,10,Kurla,0,10,29,0,3
10,10,Dadar,0,2,34,0,3
10,10,Byculla,0,10,35,0,3
10,10,CSMT,10,0,31,0,2
10,11,Thane,0,0,27,0,0
10,11,Dombivli,0,15,29,0,1
10,11,Ghatkopar,20,0,33,0,2
10,11,Kurla,5,2,31,0,1
10,11,Dadar,0,15,31,0,2
10,11,Byculla,0,0,28,0,0
10,11,CSMT,0,0,31,0,0
10,12,Thane,0,10,29,0,1
10,12,Dombivli,0,2,28,0,0
10,12,Ghatkopar,0,0,26,0,1
10,12,Kurla,0,0,26,0,1
10,12,Dadar,10,0,26,0,1
10,12,Byculla,40,0,30,0,1
10,12,CSMT,20,5,27,0,1
10,13,Thane,5,0,29,0,0
10,13,Dombivli,10,5,34,0,0
10,13,Ghatkopar,40,0,29,0,2
10,13,Kurla,0,5,31,0,1
10,13,Dadar,0,0,34,0,1
10,13,Byculla,5,0,33,0,0
10,13,CSMT,10,2,32,0,0
10,14,Thane,5,15,27,0,1
10,14,Dombivli,40,10,29,0,2
10,14,Ghatkopar,20,0,27,0,2
10,14,Kurla,10,15,30,0,2
10,14,Dadar,0,0,34,0,1
10,14,Byculla,0,10,32,0,1
10,14,CSMT,0,2,31,0,0
10,15,Thane,0,0,31,0,0
10,15,Dombivli,0,0,32,0,0
10,15,Ghatkopar,20,10,27,0,3
10,15,Kurla,20,2,26,0,2
10,15,Dadar,5,0,32,0,1
10,15,Byculla,20,2,33,0,1
10,15,CSMT,5,2,26,0,0
10,16,Thane,5,5,30,0,0
10,16,Dombivli,5,15,31,0,1
10,16,Ghatkopar,5,0,29,0,1
10,16,Kurla,10,10,27,0,2
10,16,Dadar,40,5,32,0,2
10,16,Byculla,0,2,28,0,0
10,16,CSMT,20,5,27,0,1
10,17,Thane,0,15,33,0,3
10,17,Dombivli,5,15,26,0,3
10,17,Ghatkopar,40,0,34,0,3
10,17,Kurla,0,0,26,0,3
10,17,Dadar,40,0,33,0,3
10,17,Byculla,0,10,30,0,3
10,17,CSMT,0,0,31,0,2
10,18,Thane,40,0,28,0,3
10,18,Dombivli,0,2,28,0,2
10,18,Ghatkopar,20,15,29,0,3
10,18,Kurla,40,0,31,0,3
10,18,Dadar,5,0,27,0,3
10,18,Byculla,0,15,26,0,3
10,18,CSMT,5,10,30,0,3
10,19,Thane,10,0,29,0,2
10,19,Dombivli,0,5,30,0,2
10,19,Ghatkopar,0,10,33,0,3
10,19,Kurla,10,5,31,0,3
10,19,Dadar,0,15,29,0,3
10,19,Byculla,0,0,27,0,2
10,19,CSMT,20,0,32,0,3
10,20,Thane,0,0,31,0,2
10,20,Dombivli,20,0,33,0,3
10,20,Ghatkopar,0,10,31,0,3
10,20,Kurla,0,0,33,0,3
10,20,Dadar,0,5,34,0,3
10,20,Byculla,0,5,33,0,2
10,20,CSMT,0,0,30,0,2
10,21,Thane,0,2,32,0,2
10,21,Dombivli,40,2,33,0,3
10,21,Ghatkopar,10,15,31,0,3
10,21,Kurla,10,0,35,0,3
10,21,Dadar,0,15,32,0,3
10,21,Byculla,5,10,29,0,3
10,21,CSMT,0,15,29,0,3
10,22,Thane,20,5,34,0,1
10,22,Dombivli,0,0,32,0,0
10,22,Ghatkopar,10,2,26,0,1
10,22,Kurla,0,0,27,0,1
10,22,Dadar,10,2,35,0,1
10,22,Byculla,0,10,27,0,1
10,22,CSMT,0,10,27,0,1
10,23,Thane,0,10,29,0,1
10,23,Dombivli,40,0,32,0,1
10,23,Ghatkopar,10,10,28,0,2
10,23,Kurla,0,10,26,0,2
10,23,Dadar,0,10,31,0,2
10,23,Byculla,20,15,30,0,2
10,23,CSMT,0,0,35,0,0
11,5,Thane,0,0,29,0,0
11,5,Dombivli,10,10,30,0,1
11,5,Ghatkopar,10,0,29,0,1
11,5,Kurla,0,5,28,0,1
11,5,Dadar,10,10,32,0,2
11,5,Byculla,0,15,35,0,1
11,5,CSMT,0,15,31,0,1
11,6,Thane,0,15,31,0,1
11,6,Dombivli,0,0,34,0,0
11,6,Ghatkopar,40,0,34,0,2
11,6,Kurla,0,10,29,0,2
11,6,Dadar,0,2,26,0,1
11,6,Byculla,0,5,28,0,0
11,6,CSMT,40,0,28,0,1
11,7,Thane,0,10,31,0,3
11,7,Dombivli,20,15,31,0,3
11,7,Ghatkopar,10,5,28,0,3
11,7,Kurla,0,10,29,0,3
11,7,Dadar,0,2,28,0,3
11,7,Byculla,0,0,29,0,2
11,7,CSMT,20,5,35,0,3
11,8,Thane,5,10,32,0,3
11,8,Dombivli,40,0,29,0,3
11,8,Ghatkopar,0,2,27,0,3
11,8,Kurla,0,15,34,0,3
11,8,Dadar,40,15,26,0,3
11,8,Byculla,0,0,27,0,2
11,8,CSMT,0,0,29,0,2
11,9,Thane,0,10,30,0,3
11,9,Dombivli,0,5,27,0,2
11,9,Ghatkopar,10,0,26,0,3
11,9,Kurla,20,2,29,0,3
11,9,Dadar,10,5,34,0,3
11,9,Byculla,10,0,29,0,2
11,9,CSMT,0,2,31,0,2
11,10,Thane,0,5,32,0,2
11,10,Dombivli,10,2,26,0,2
11,10,Ghatkopar,5,10,31,0,3
11,10,Kurla,0,5,29,0,3
11,10,Dadar,5,0,30,0,3
11,10,Byculla,0,10,35,0,3
11,10,CSMT,0,5,32,0,2
11,11,Thane,0,0,26,0,0
11,11,Dombivli,10,0,35,0,0
11,11,Ghatkopar,5,2,30,0,1
11,11,Kurla,0,0,28,0,1
11,11,Dadar,5,2,35,0,1
11,11,Byculla,40,5,26,0,1
11,11,CSMT,0,0,32,0,0
11,12,Thane,0,0,26,0,0
11,12,Dombivli,10,5,30,0,0
11,12,Ghatkopar,0,0,29,0,1
11,12,Kurla,0,0,31,0,1
11,12,Dadar,5,10,35,0,2
11,12,Byculla,0,5,32,0,0
11,12,CSMT,0,10,27,0,1
11,13,Thane,40,2,35,0,1
11,13,Dombivli,40,15,28,0,2
11,13,Ghatkopar,40,2,35,0,2
11,13,Kurla,40,0,27,0,2
11,13,Dadar,0,5,35,0,1
11,13,Byculla,0,2,33,0,0
11,13,CSMT,5,5,33,0,0
11,14,Thane,0,0,29,0,0
11,14,Dombivli,20,0,28,0,1
11,14,Ghatkopar,5,0,31,0,1
11,14,Kurla,0,15,32,0,2
11,14,Dadar,0,2,27,0,1
11,14,Byculla,0,5,29,0,0
11,14,CSMT,20,10,26,0,2
11,15,Thane,20,15,26,0,2
11,15,Dombivli,0,5,35,0,0
11,15,Ghatkopar,10,15,31,0,2
11,15,Kurla,0,0,29,0,1
11,15,Dadar,10,10,27,0,2
11,15,Byculla,40,0,26,0,1
11,15,CSMT,0,0,32,0,0
11,16,Thane,0,5,26,0,0
11,16,Dombivli,5,0,29,0,0
11,16,Ghatkopar,0,5,34,0,1
11,16,Kurla,10,15,33,0,2
11,16,Dadar,20,10,28,0,3
11,16,Byculla,0,15,30,0,1
11,16,CSMT,0,0,28,0,0
11,17,Thane,20,10,33,0,3
11,17,Dombivli,0,0,26,0,2
11,17,Ghatkopar,0,0,31,0,3
11,17,Kurla,5,0,35,0,3
11,17,Dadar,0,2,29,0,3
11,17,Byculla,10,2,33,0,2
11,17,CSMT,20,5,31,0,3
11,18,Thane,10,15,29,0,3
11,18,Dombivli,0,0,27,0,2
11,18,Ghatkopar,0,15,29,0,3
11,18,Kurla,0,0,28,0,3
11,18,Dadar,20,0,32,0,3
11,18,Byculla,0,0,26,0,2
11,18,CSMT,5,0,30,0,2
11,19,Thane,0,5,28,0,2
11,19,Dombivli,20,0,34,0,3
11,19,Ghatkopar,0,5,28,0,3
11,19,Kurla,0,10,27,0,3
11,19,Dadar,0,0,28,0,3
11,19,Byculla,10,15,31,0,3
11,19,CSMT,10,10,28,0,3
11,20,Thane,5,15,34,0,3
11,20,Dombivli,20,10,35,0,3
11,20,Ghatkopar,10,0,28,0,3
11,20,Kurla,0,0,27,0,3
11,20,Dadar,0,0,30,0,3
11,20,Byculla,0,2,26,0,2
11,20,CSMT,0,10,27,0,3
11,21,Thane,20,2,33,0,3
11,21,Dombivli,0,0,28,0,2
11,21,Ghatkopar,0,10,29,0,3
11,21,Kurla,40,5,27,0,3
11,21,Dadar,20,5,28,0,3
11,21,Byculla,20,15,35,0,3
11,21,CSMT,10,15,35,0,3
11,22,Thane,10,0,35,0,0
11,22,Dombivli,10,0,30,0,0
11,22,Ghatkopar,20,0,28,0,2
11,22,Kurla,20,5,31,0,2
11,22,Dadar,5,15,34,0,2
11,22,Byculla,20,15,26,0,2
11,22,CSMT,0,2,27,0,0
11,23,Thane,0,0,33,0,0
11,23,Dombivli,0,5,28,0,0
11,23,Ghatkopar,0,2,33,0,1
11,23,Kurla,0,2,30,0,1
11,23,Dadar,0,15,27,0,2
11,23,Byculla,0,2,31,0,0
11,23,CSMT,0,0,28,0,0
12,5,Thane,0,0,27,0,0
12,5,Dombivli,0,0,35,0,0
12,5,Ghatkopar,20,5,31,0,2
12,5,Kurla,0,0,29,0,1
12,5,Dadar,0,15,33,0,2
12,5,Byculla,40,0,34,0,1
12,5,CSMT,0,0,30,0,0
12,6,Thane,10,0,32,0,0
12,6,Dombivli,0,15,31,0,1
12,6,Ghatkopar,0,0,32,0,1
12,6,Kurla,0,10,29,0,2
12,6,Dadar,5,5,26,0,1
12,6,Byculla,40,0,30,0,1
12,6,CSMT,5,5,29,0,0
12,7,Thane,20,15,33,0,3
12,7,Dombivli,10,15,32,0,3
12,7,Ghatkopar,20,0,29,0,3
12,7,Kurla,0,15,28,0,3
12,7,Dadar,5,2,28,0,3
12,7,Byculla,5,0,28,0,2
12,7,CSMT,0,2,35,0,2
12,8,Thane,0,15,26,0,3
12,8,Dombivli,0,2,27,0,2
12,8,Ghatkopar,5,0,33,0,3
12,8,Kurla,20,0,35,0,3
12,8,Dadar,40,10,33,0,3
12,8,Byculla,5,15,28,0,3
12,8,CSMT,5,0,31,0,2
12,9,Thane,5,15,29,0,3
12,9,Dombivli,0,0,31,0,2
12,9,Ghatkopar,5,2,32,0,3
12,9,Kurla,40,0,29,0,3
12,9,Dadar,5,0,33,0,3
12,9,Byculla,0,15,27,0,3
12,9,CSMT,0,5,35,0,2
12,10,Thane,0,0,34,0,2
12,10,Dombivli,5,0,29,0,2
12,10,Ghatkopar,40,0,26,0,3
12,10,Kurla,0,5,29,0,3
12,10,Dadar,5,10,26,0,3
12,10,Byculla,0,10,32,0,3
12,10,CSMT,0,0,30,0,2
12,11,Thane,0,10,34,0,1
12,11,Dombivli,20,0,26,0,1
12,11,Ghatkopar,40,5,28,0,2
12,11,Kurla,0,0,33,0,1
12,11,Dadar,0,10,29,0,2
12,11,Byculla,40,10,31,0,2
12,11,CSMT,0,15,27,0,1
12,12,Thane,5,15,34,0,1
12,12,Dombivli,0,10,31,0,1
12,12,Ghatkopar,0,0,34,0,1
12,12,Kurla,20,15,32,0,3
12,12,Dadar,10,15,27,0,2
12,12,Byculla,0,5,35,0,0
12,12,CSMT,0,2,28,0,0
12,13,Thane,5,0,34,0,0
12,13,Dombivli,0,5,33,0,0
12,13,Ghatkopar,5,2,26,0,1
12,13,Kurla,0,2,26,0,1
12,13,Dadar,0,10,26,0,2
12,13,Byculla,5,0,32,0,0
12,13,CSMT,0,0,32,0,0
12,14,Thane,10,5,35,0,0
12,14,Dombivli,20,10,35,0,2
12,14,Ghatkopar,0,2,30,0,1
12,14,Kurla,0,0,29,0,1
12,14,Dadar,5,15,26,0,2
12,14,Byculla,10,15,27,0,1
12,14,CSMT,0,15,29,0,1
12,15,Thane,40,5,29,0,1
12,15,Dombivli,0,15,32,0,1
12,15,Ghatkopar,5,2,28,0,1
12,15,Kurla,0,10,30,0,2
12,15,Dadar,0,5,33,0,1
12,15,Byculla,0,0,32,0,0
12,15,CSMT,20,10,27,0,2
12,16,Thane,0,5,26,0,0
12,16,Dombivli,40,10,31,0,2
12,16,Ghatkopar,5,15,31,0,2
12,16,Kurla,10,0,27,0,1
12,16,Dadar,0,0,31,0,1
12,16,Byculla,40,10,33,0,2
12,16,CSMT,0,0,30,0,0
12,17,Thane,0,10,32,0,3
12,17,Dombivli,20,0,29,0,3
12,17,Ghatkopar,0,0,34,0,3
12,17,Kurla,0,0,32,0,3
12,17,Dadar,0,0,26,0,3
12,17,Byculla,0,0,29,0,2
12,17,CSMT,40,15,26,0,3
12,18,Thane,0,0,28,0,2
12,18,Dombivli,0,15,29,0,3
12,18,Ghatkopar,0,5,30,0,3
12,18,Kurla,10,0,29,0,3
12,18,Dadar,10,0,29,0,3
12,18,Byculla,20,2,31,0,3
12,18,CSMT,40,0,31,0,3
12,19,Thane,20,5,26,0,3
12,19,Dombivli,0,15,34,0,3
12,19,Ghatkopar,40,5,28,0,3
12,19,Kurla,0,0,26,0,3
12,19,Dadar,0,10,35,0,3
12,19,Byculla,20,5,29,0,3
12,19,CSMT,20,0,29,0,3
12,20,Thane,0,2,30,0,2
12,20,Dombivli,0,2,29,0,2
12,20,Ghatkopar,0,10,35,0,3
12,20,Kurla,0,0,28,0,3
12,20,Dadar,0,5,29,0,3
12,20,Byculla,5,5,34,0,2
12,20,CSMT,0,5,34,0,2
12,21,Thane,20,15,29,0,3
12,21,Dombivli,20,5,27,0,3
12,21,Ghatkopar,0,2,27,0,3
12,21,Kurla,0,10,27,0,3
12,21,Dadar,10,5,28,0,3
12,21,Byculla,10,0,33,0,2
12,21,CSMT,5,5,29,0,2
12,22,Thane,0,0,33,0,0
12,22,Dombivli,5,10,35,0,1
12,22,Ghatkopar,40,2,28,0,2
12,22,Kurla,20,5,34,0,2
12,22,Dadar,40,5,31,0,2
12,22,Byculla,40,10,32,0,2
12,22,CSMT,0,0,28,0,0
12,23,Thane,20,2,30,0,1
12,23,Dombivli,40,0,29,0,1
12,23,Ghatkopar,0,0,31,0,1
12,23,Kurla,0,0,30,0,1
12,23,Dadar,0,0,28,0,1
12,23,Byculla,0,5,26,0,0
12,23,CSMT,0,2,30,0,0
13,5,Thane,10,5,32,1,0
13,5,Dombivli,0,10,30,0,1
13,5,Ghatkopar,10,10,33,1,1
13,5,Kurla,20,2,32,0,2
13,5,Dadar,40,0,34,1,1
13,5,Byculla,5,15,26,1,0
13,5,CSMT,0,2,34,0,0
13,6,Thane,10,10,29,1,0
13,6,Dombivli,5,15,32,1,0
13,6,Ghatkopar,5,0,35,1,0
13,6,Kurla,5,0,27,1,0
13,6,Dadar,20,0,33,0,2
13,6,Byculla,0,0,28,1,0
13,6,CSMT,0,10,29,1,0
13,7,Thane,0,10,32,0,3
13,7,Dombivli,0,0,29,1,1
13,7,Ghatkopar,0,0,29,1,2
13,7,Kurla,20,10,34,0,3
13,7,Dadar,5,15,35,1,3
13,7,Byculla,40,2,26,1,2
13,7,CSMT,5,5,34,1,1
13,8,Thane,0,2,31,1,1
13,8,Dombivli,0,5,30,1,1
13,8,Ghatkopar,10,0,28,0,3
13,8,Kurla,20,0,34,0,3
13,8,Dadar,5,0,30,1,2
13,8,Byculla,0,2,30,1,1
13,8,CSMT,0,15,30,1,2
13,9,Thane,10,0,30,0,2
13,9,Dombivli,10,5,28,0,2
13,9,Ghatkopar,0,0,35,1,2
13,9,Kurla,5,10,28,0,3
13,9,Dadar,40,10,33,0,3
13,9,Byculla,20,10,33,0,3
13,9,CSMT,10,5,28,0,2
13,10,Thane,20,0,34,1,2
13,10,Dombivli,10,2,32,0,2
13,10,Ghatkopar,10,0,33,0,3
13,10,Kurla,0,0,29,0,3
13,10,Dadar,0,0,35,0,3
13,10,Byculla,40,0,35,1,2
13,10,CSMT,0,10,27,1,2
13,11,Thane,0,5,28,0,0
13,11,Dombivli,10,0,32,0,0
13,11,Ghatkopar,40,15,34,1,2
13,11,Kurla,20,5,34,1,1
13,11,Dadar,5,2,29,0,1
13,11,Byculla,20,0,33,1,0
13,11,CSMT,0,5,32,0,0
13,12,Thane,0,0,33,0,0
13,12,Dombivli,0,15,27,0,1
13,12,Ghatkopar,20,10,32,1,2
13,12,Kurla,40,2,35,1,1
13,12,Dadar,0,0,28,0,1
13,12,Byculla,0,0,35,0,0
13,12,CSMT,40,10,26,1,1
13,13,Thane,0,0,32,1,0
13,13,Dombivli,20,0,31,0,1
13,13,Ghatkopar,0,0,34,1,0
13,13,Kurla,20,0,26,1,1
13,13,Dadar,0,2,33,0,1
13,13,Byculla,10,5,34,1,0
13,13,CSMT,10,0,29,0,0
13,14,Thane,10,5,26,0,0
13,14,Dombivli,0,0,27,0,0
13,14,Ghatkopar,10,10,28,1,1
13,14,Kurla,40,10,31,1,2
13,14,Dadar,10,10,34,1,1
13,14,Byculla,0,0,32,0,0
13,14,CSMT,10,15,35,0,1
13,15,Thane,10,0,27,1,0
13,15,Dombivli,10,10,33,0,1
13,15,Ghatkopar,5,2,28,0,1
13,15,Kurla,40,5,34,1,1
13,15,Dadar,5,0,32,0,1
13,15,Byculla,0,15,31,0,1
13,15,CSMT,10,0,35,0,0
13,16,Thane,0,0,29,0,0
13,16,Dombivli,40,2,28,0,1
13,16,Ghatkopar,5,0,27,1,0
13,16,Kurla,40,2,28,1,1
13,16,Dadar,20,10,28,0,3
13,16,Byculla,20,15,33,0,2
13,16,CSMT,5,0,32,1,0
13,17,Thane,0,0,34,1,1
13,17,Dombivli,0,15,29,0,3
13,17,Ghatkopar,0,5,29,0,3
13,17,Kurla,0,0,26,1,2
13,17,Dadar,20,0,31,0,3
13,17,Byculla,0,2,35,0,2
13,17,CSMT,5,5,29,0,2
13,18,Thane,0,2,33,0,2
13,18,Dombivli,20,0,27,1,2
13,18,Ghatkopar,5,0,34,1,2
13,18,Kurla,5,0,34,1,2
13,18,Dadar,0,15,31,1,3
13,18,Byculla,0,5,30,0,2
13,18,CSMT,0,10,26,1,2
13,19,Thane,40,0,31,0,3
13,19,Dombivli,10,15,35,1,2
13,19,Ghatkopar,0,15,32,0,3
13,19,Kurla,0,0,32,0,3
13,19,Dadar,40,0,26,0,3
13,19,Byculla,0,5,32,1,1
13,19,CSMT,0,15,28,1,2
13,20,Thane,0,2,30,1,1
13,20,Dombivli,10,5,29,0,2
13,20,Ghatkopar,0,2,33,1,2
13,20,Kurla,10,10,32,1,3
13,20,Dadar,10,10,35,0,3
13,20,Byculla,0,2,28,1,1
13,20,CSMT,0,2,30,0,2
13,21,Thane,20,2,34,0,3
13,21,Dombivli,0,15,34,0,3
13,21,Ghatkopar,0,0,34,1,2
13,21,Kurla,0,0,29,0,3
13,21,Dadar,40,10,33,0,3
13,21,Byculla,10,15,27,1,2
13,21,CSMT,0,5,33,1,1
13,22,Thane,10,5,28,1,0
13,22,Dombivli,20,15,27,0,2
13,22,Ghatkopar,10,5,30,1,0
13,22,Kurla,0,5,27,0,1
13,22,Dadar,20,0,27,0,2
13,22,Byculla,20,15,30,0,2
13,22,CSMT,40,2,34,1,0
13,23,Thane,0,0,35,1,0
13,23,Dombivli,20,0,34,0,1
13,23,Ghatkopar,20,15,35,0,3
13,23,Kurla,10,10,33,1,1
13,23,Dadar,5,15,27,0,2
13,23,Byculla,0,5,26,1,0
13,23,CSMT,20,15,28,1,1
14,5,Thane,20,10,26,0,2
14,5,Dombivli,0,2,32,0,0
14,5,Ghatkopar,0,0,28,1,0
14,5,Kurla,20,0,32,0,2
14,5,Dadar,10,0,33,0,1
14,5,Byculla,0,0,26,0,0
14,5,CSMT,5,5,30,0,0
14,6,Thane,20,0,35,0,1
14,6,Dombivli,0,5,33,0,0
14,6,Ghatkopar,0,10,31,1,1
14,6,Kurla,10,0,35,0,1
14,6,Dadar,0,10,35,0,2
14,6,Byculla,0,2,31,1,0
14,6,CSMT,10,5,35,1,0
14,7,Thane,0,5,29,0,2
14,7,Dombivli,0,2,30,1,1
14,7,Ghatkopar,0,15,28,1,3
14,7,Kurla,20,2,34,1,3
14,7,Dadar,5,0,34,1,2
14,7,Byculla,20,5,30,0,3
14,7,CSMT,0,15,32,1,2
14,8,Thane,10,15,27,1,2
14,8,Dombivli,0,5,26,1,1
14,8,Ghatkopar,20,15,31,1,3
14,8,Kurla,40,10,29,0,3
14,8,Dadar,40,0,34,0,3
14,8,Byculla,40,0,35,1,2
14,8,CSMT,0,10,31,0,3
14,9,Thane,40,0,35,1,2
14,9,Dombivli,0,5,32,1,1
14,9,Ghatkopar,10,0,27,0,3
14,9,Kurla,0,0,26,1,2
14,9,Dadar,5,0,34,0,3
14,9,Byculla,0,0,31,1,1
14,9,CSMT,40,15,30,0,3
14,10,Thane,5,15,27,1,2
14,10,Dombivli,40,15,26,1,3
14,10,Ghatkopar,20,0,32,0,3
14,10,Kurla,0,0,32,1,2
14,10,Dadar,40,10,29,0,3
14,10,Byculla,20,15,30,1,3
14,10,CSMT,0,2,28,1,1
14,11,Thane,10,0,28,0,0
14,11,Dombivli,20,2,30,1,0
14,11,Ghatkopar,10,10,30,1,1
14,11,Kurla,40,2,28,1,1
14,11,Dadar,0,0,31,1,0
14,11,Byculla,0,15,33,1,0
14,11,CSMT,0,10,32,1,0
14,12,Thane,20,15,31,0,2
14,12,Dombivli,20,5,31,1,0
14,12,Ghatkopar,10,2,33,0,1
14,12,Kurla,40,15,34,0,3
14,12,Dadar,0,10,33,0,2
14,12,Byculla,0,2,30,0,0
14,12,CSMT,20,0,31,1,0
14,13,Thane,20,5,30,1,0
14,13,Dombivli,0,2,33,0,0
14,13,Ghatkopar,0,15,27,0,2
14,13,Kurla,0,0,27,1,0
14,13,Dadar,20,5,27,1,1
14,13,Byculla,10,10,34,0,1
14,13,CSMT,40,2,34,1,0
14,14,Thane,0,0,29,1,0
14,14,Dombivli,5,5,31,0,0
14,14,Ghatkopar,0,15,32,1,1
14,14,Kurla,5,0,28,1,0
14,14,Dadar,0,2,27,0,1
14,14,Byculla,0,2,28,0,0
14,14,CSMT,20,0,31,1,0
14,15,Thane,20,15,33,0,2
14,15,Dombivli,0,2,29,1,0
14,15,Ghatkopar,5,5,31,1,0
14,15,Kurla,0,0,26,1,0
14,15,Dadar,0,0,33,1,0
14,15,Byculla,0,10,27,1,0
14,15,CSMT,10,2,31,1,0
14,16,Thane,40,10,26,0,2
14,16,Dombivli,20,0,33,1,0
14,16,Ghatkopar,0,10,31,1,1
14,16,Kurla,40,0,26,1,1
14,16,Dadar,10,10,32,0,2
14,16,Byculla,0,5,28,1,0
14,16,CSMT,0,5,31,1,0
14,17,Thane,20,10,28,0,3
14,17,Dombivli,0,2,32,0,2
14,17,Ghatkopar,20,0,33,1,3
14,17,Kurla,0,15,29,0,3
14,17,Dadar,20,0,31,1,3
14,17,Byculla,0,15,32,0,3
14,17,CSMT,20,0,27,0,3
14,18,Thane,0,0,26,0,2
14,18,Dombivli,0,15,27,0,3
14,18,Ghatkopar,20,10,30,1,3
14,18,Kurla,0,2,32,0,3
14,18,Dadar,40,0,26,1,3
14,18,Byculla,0,2,31,0,2
14,18,CSMT,5,5,30,0,2
14,19,Thane,0,2,28,0,2
14,19,Dombivli,20,15,30,1,3
14,19,Ghatkopar,20,2,28,0,3
14,19,Kurla,5,0,34,1,2
14,19,Dadar,40,15,27,1,3
14,19,Byculla,5,15,26,1,2
14,19,CSMT,40,5,30,1,2
14,20,Thane,10,5,30,1,1
14,20,Dombivli,0,0,29,1,1
14,20,Ghatkopar,5,15,30,0,3
14,20,Kurla,10,5,34,0,3
14,20,Dadar,0,0,35,0,3
14,20,Byculla,0,0,30,1,1
14,20,CSMT,20,15,27,1,3
14,21,Thane,0,2,26,1,1
14,21,Dombivli,10,15,27,1,2
14,21,Ghatkopar,0,0,30,1,2
14,21,Kurla,0,0,31,0,3
14,21,Dadar,0,15,32,1,3
14,21,Byculla,40,5,34,0,3
14,21,CSMT,0,15,26,1,2
14,22,Thane,0,15,28,0,1
14,22,Dombivli,0,10,33,0,1
14,22,Ghatkopar,0,10,34,0,2
14,22,Kurla,0,15,34,1,1
14,22,Dadar,10,0,26,1,0
14,22,Byculla,0,15,31,0,1
14,22,CSMT,0,2,34,0,0
14,23,Thane,20,15,29,0,2
14,23,Dombivli,20,10,34,1,1
14,23,Ghatkopar,20,5,33,0,2
14,23,Kurla,0,5,35,0,1
14,23,Dadar,0,10,30,0,2
14,23,Byculla,0,0,33,0,0
14,23,CSMT,20,15,26,0,2
15,5,Thane,0,5,35,0,0
15,5,Dombivli,5,15,31,0,1
15,5,Ghatkopar,0,10,29,0,2
15,5,Kurla,40,0,28,0,2
15,5,Dadar,0,2,35,0,1
15,5,Byculla,0,2,27,0,0
15,5,CSMT,0,10,34,0,1
15,6,Thane,0,10,29,0,1
15,6,Dombivli,20,15,31,0,2
15,6,Ghatkopar,0,2,29,0,1
15,6,Kurla,0,0,33,0,1
15,6,Dadar,5,15,34,0,2
15,6,Byculla,0,10,28,0,1
15,6,CSMT,40,2,27,0,1
15,7,Thane,20,0,34,0,3
15,7,Dombivli,20,10,29,0,3
15,7,Ghatkopar,5,2,33,0,3
15,7,Kurla,0,15,31,0,3
15,7,Dadar,0,5,35,0,3
15,7,Byculla,20,2,34,0,3
15,7,CSMT,10,2,31,0,2
15,8,Thane,10,15,27,0,3
15,8,Dombivli,5,10,26,0,3
15,8,Ghatkopar,0,2,27,0,3
15,8,Kurla,10,0,26,0,3
15,8,Dadar,0,2,31,0,3
15,8,Byculla,0,0,26,0,2
15,8,CSMT,0,5,30,0,2
15,9,Thane,5,0,28,0,2
15,9,Dombivli,20,0,32,0,3
15,9,Ghatkopar,5,5,35,0,3
15,9,Kurla,0,0,28,0,3
15,9,Dadar,0,0,35,0,3
15,9,Byculla,20,2,35,0,3
15,9,CSMT,5,0,33,0,2
15,10,Thane,0,2,29,0,2
15,10,Dombivli,0,0,29,0,2
15,10,Ghatkopar,0,5,31,0,3
15,10,Kurla,20,10,26,0,3
15,10,Dadar,0,2,26,0,3
15,10,Byculla,0,0,28,0,2
15,10,CSMT,0,5,33,0,2
15,11,Thane,40,10,32,0,2
15,11,Dombivli,20,5,29,0,1
15,11,Ghatkopar,0,5,34,0,1
15,11,Kurla,5,2,26,0,1
15,11,Dadar,0,0,31,0,1
15,11,Byculla,0,0,29,0,0
15,11,CSMT,0,15,28,0,1
15,12,Thane,0,15,33,0,1
15,12,Dombivli,10,15,32,0,1
15,12,Ghatkopar,0,0,27,0,1
15,12,Kurla,0,10,33,0,2
15,12,Dadar,0,10,35,0,2
15,12,Byculla,40,10,26,0,2
15,12,CSMT,20,10,28,0,2
15,13,Thane,20,0,30,0,1
15,13,Dombivli,40,2,27,0,1
15,13,Ghatkopar,0,10,32,0,2
15,13,Kurla,40,0,32,0,2
15,13,Dadar,0,0,35,0,1
15,13,Byculla,40,0,30,0,1
15,13,CSMT,20,15,33,0,2
15,14,Thane,0,5,29,0,0
15,14,Dombivli,20,10,30,0,2
15,14,Ghatkopar,0,10,34,0,2
15,14,Kurla,0,0,30,0,1
15,14,Dadar,5,0,35,0,1
15,14,Byculla,0,0,30,0,0
15,14,CSMT,0,2,35,0,0
15,15,Thane,20,10,31,0,2
15,15,Dombivli,0,0,32,0,0
15,15,Ghatkopar,20,10,30,0,3
15,15,Kurla,5,2,26,0,1
15,15,Dadar,20,2,33,0,2
15,15,Byculla,0,15,33,0,1
15,15,CSMT,0,15,29,0,1
15,16,Thane,20,10,31,0,2
15,16,Dombivli,10,10,27,0,1
15,16,Ghatkopar,20,2,31,0,2
15,16,Kurla,0,15,30,0,2
15,16,Dadar,20,15,30,0,3
15,16,Byculla,0,2,32,0,0
15,16,CSMT,0,2,31,0,0
15,17,Thane,10,0,31,0,2
15,17,Dombivli,0,15,35,0,3
15,17,Ghatkopar,0,10,27,0,3
15,17,Kurla,0,0,27,0,3
15,17,Dadar,0,10,26,0,3
15,17,Byculla,20,5,30,0,3
15,17,CSMT,0,0,29,0,2
15,18,Thane,0,5,27,0,2
15,18,Dombivli,40,10,35,0,3
15,18,Ghatkopar,0,2,30,0,3
15,18,Kurla,40,5,32,0,3
15,18,Dadar,5,15,26,0,3
15,18,Byculla,40,0,35,0,3
15,18,CSMT,40,15,27,0,3
15,19,Thane,0,10,35,0,3
15,19,Dombivli,40,0,35,0,3
15,19,Ghatkopar,40,5,28,0,3
15,19,Kurla,5,5,26,0,3
15,19,Dadar,0,0,31,0,3
15,19,Byculla,0,15,31,0,3
15,19,CSMT,5,0,33,0,2
15,20,Thane,5,0,35,0,2
15,20,Dombivli,5,0,32,0,2
15,20,Ghatkopar,0,2,28,0,3
15,20,Kurla,0,10,34,0,3
15,20,Dadar,20,10,26,0,3
15,20,Byculla,0,0,28,0,2
15,20,CSMT,10,10,31,0,3
15,21,Thane,0,0,29,0,2
15,21,Dombivli,5,2,27,0,2
15,21,Ghatkopar,20,2,27,0,3
15,21,Kurla,40,0,31,0,3
15,21,Dadar,5,5,28,0,3
15,21,Byculla,0,0,26,0,2
15,21,CSMT,0,5,29,0,2
15,22,Thane,10,0,35,0,0
15,22,Dombivli,0,15,29,0,1
15,22,Ghatkopar,0,0,34,0,1
15,22,Kurla,40,10,30,0,3
15,22,Dadar,10,0,27,0,1
15,22,Byculla,10,0,27,0,0
15,22,CSMT,10,5,26,0,0
15,23,Thane,0,15,26,0,1
15,23,Dombivli,0,5,29,0,0
15,23,Ghatkopar,40,0,27,0,2
15,23,Kurla,5,10,32,0,2
15,23,Dadar,0,0,28,0,1
15,23,Byculla,40,10,33,0,2
15,23,CSMT,0,0,33,0,0
16,5,Thane,20,0,32,0,1
16,5,Dombivli,10,0,33,0,0
16,5,Ghatkopar,10,5,30,0,1
16,5,Kurla,10,0,27,0,1
16,5,Dadar,0,0,28,0,1
16,5,Byculla,0,5,30,0,0
16,5,CSMT,10,0,32,0,0
16,6,Thane,5,15,33,0,1
16,6,Dombivli,40,15,26,0,2
16,6,Ghatkopar,0,10,35,0,2
16,6,Kurla,0,0,32,0,1
16,6,Dadar,20,0,32,0,2
16,6,Byculla,0,0,34,0,0
16,6,CSMT,5,0,30,0,0
16,7,Thane,10,0,27,0,2
16,7,Dombivli,0,15,28,0,3
16,7,Ghatkopar,0,0,28,0,3
16,7,Kurla,0,10,33,0,3
16,7,Dadar,40,5,33,0,3
16,7,Byculla,0,5,27,0,2
16,7,CSMT,5,2,34,0,2
16,8,Thane,40,15,34,0,3
16,8,Dombivli,5,15,28,0,3
16,8,Ghatkopar,5,5,30,0,3
16,8,Kurla,10,2,35,0,3
16,8,Dadar,20,15,29,0,3
16,8,Byculla,0,5,31,0,2
16,8,CSMT,5,5,31,0,2
16,9,Thane,0,15,35,0,3
16,9,Dombivli,10,0,35,0,2
16,9,Ghatkopar,0,0,34,0,3
16,9,Kurla,5,5,29,0,3
16,9,Dadar,0,10,26,0,3
16,9,Byculla,10,0,34,0,2
16,9,CSMT,0,15,28,0,3
16,10,Thane,0,10,31,0,3
16,10,Dombivli,20,5,33,0,3
16,10,Ghatkopar,40,15,30,0,3
16,10,Kurla,40,0,32,0,3
16,10,Dadar,20,5,35,0,3
16,10,Byculla,0,0,28,0,2
16,10,CSMT,0,15,32,0,3
16,11,Thane,0,0,29,0,0
16,11,Dombivli,40,2,27,0,1
16,11,Ghatkopar,10,0,28,0,1
16,11,Kurla,5,5,31,0,1
16,11,Dadar,0,15,33,0,2
16,11,Byculla,5,0,27,0,0
16,11,CSMT,0,0,33,0,0
16,12,Thane,20,0,29,0,1
16,12,Dombivli,0,0,31,0,0
16,12,Ghatkopar,5,0,34,0,1
16,12,Kurla,0,0,28,0,1
16,12,Dadar,0,2,29,0,1
16,12,Byculla,5,2,34,0,0
16,12,CSMT,0,2,31,0,0
16,13,Thane,10,15,30,0,1
16,13,Dombivli,0,15,31,0,1
16,13,Ghatkopar,5,0,28,0,1
16,13,Kurla,0,0,34,0,1
16,13,Dadar,5,10,32,0,2
16,13,Byculla,0,2,35,0,0
16,13,CSMT,20,15,30,0,2
16,14,Thane,0,0,30,0,0
16,14,Dombivli,40,15,26,0,2
16,14,Ghatkopar,0,15,32,0,2
16,14,Kurla,0,2,32,0,1
16,14,Dadar,40,15,28,0,3
16,14,Byculla,0,0,35,0,0
16,14,CSMT,40,0,27,0,1
16,15,Thane,10,0,28,0,0
16,15,Dombivli,40,0,33,0,1
16,15,Ghatkopar,0,2,28,0,1
16,15,Kurla,0,5,32,0,1
16,15,Dadar,0,0,35,0,1
16,15,Byculla,5,5,31,0,0
16,15,CSMT,0,2,29,0,0
16,16,Thane,40,10,32,0,2
16,16,Dombivli,20,2,29,0,1
16,16,Ghatkopar,20,5,28,0,2
16,16,Kurla,0,0,26,0,1
16,16,Dadar,40,0,30,0,2
16,16,Byculla,0,15,31,0,1
16,16,CSMT,5,15,35,0,1
16,17,Thane,5,0,30,0,2
16,17,Dombivli,5,2,27,0,2
16,17,Ghatkopar,0,2,26,0,3
16,17,Kurla,0,5,26,0,3
16,17,Dadar,10,2,29,0,3
16,17,Byculla,5,0,26,0,2
16,17,CSMT,5,5,35,0,2
16,18,Thane,5,15,26,0,3
16,18,Dombivli,40,0,31,0,3
16,18,Ghatkopar,0,2,35,0,3
16,18,Kurla,0,0,33,0,3
16,18,Dadar,20,2,28,0,3
16,18,Byculla,20,15,29,0,3
16,18,CSMT,40,0,35,0,3
16,19,Thane,0,10,31,0,3
16,19,Dombivli,0,5,27,0,2
16,19,Ghatkopar,20,0,28,0,3
16,19,Kurla,0,0,33,0,3
16,19,Dadar,0,15,29,0,3
16,19,Byculla,5,5,32,0,2
16,19,CSMT,0,15,34,0,3
16,20,Thane,0,10,34,0,3
16,20,Dombivli,0,5,30,0,2
16,20,Ghatkopar,40,0,34,0,3
16,20,Kurla,0,2,35,0,3
16,20,Dadar,40,2,27,0,3
16,20,Byculla,5,5,30,0,2
16,20,CSMT,0,10,28,0,3
16,21,Thane,20,10,33,0,3
16,21,Dombivli,0,5,27,0,2
16,21,Ghatkopar,0,10,31,0,3
16,21,Kurla,20,10,34,0,3
16,21,Dadar,5,0,26,0,3
16,21,Byculla,0,2,26,0,2
16,21,CSMT,10,0,28,0,2
16,22,Thane,5,0,27,0,0
16,22,Dombivli,0,5,33,0,0
16,22,Ghatkopar,0,5,33,0,1
16,22,Kurla,10,15,31,0,2
16,22,Dadar,0,10,34,0,2
16,22,Byculla,0,0,28,0,0
16,22,CSMT,0,2,27,0,0
16,23,Thane,40,10,28,0,2
16,23,Dombivli,0,2,34,0,0
16,23,Ghatkopar,0,2,35,0,1
16,23,Kurla,0,2,34,0,1
16,23,Dadar,5,0,34,0,1
16,23,Byculla,40,10,35,0,2
16,23,CSMT,40,15,28,0,2
17,5,Thane,40,0,35,0,1
17,5,Dombivli,10,2,35,0,0
17,5,Ghatkopar,5,5,35,0,1
17,5,Kurla,0,0,32,0,1
17,5,Dadar,0,10,28,0,2
17,5,Byculla,10,5,33,0,0
17,5,CSMT,20,15,26,0,2
17,6,Thane,5,2,27,0,0
17,6,Dombivli,0,0,31,0,0
17,6,Ghatkopar,0,10,30,0,2
17,6,Kurla,0,2,26,0,1
17,6,Dadar,20,2,30,0,2
17,6,Byculla,0,0,29,0,0
17,6,CSMT,0,2,35,0,0
17,7,Thane,0,0,33,0,2
17,7,Dombivli,10,15,33,0,3
17,7,Ghatkopar,0,0,31,0,3
17,7,Kurla,0,0,28,0,3
17,7,Dadar,0,10,35,0,3
17,7,Byculla,5,15,29,0,3
17,7,CSMT,40,0,35,0,3
17,8,Thane,0,5,29,0,2
17,8,Dombivli,0,0,29,0,2
17,8,Ghatkopar,40,15,35,0,3
17,8,Kurla,20,15,33,0,3
17,8,Dadar,0,15,26,0,3
17,8,Byculla,0,0,32,0,2
17,8,CSMT,40,10,28,0,3
17,9,Thane,40,10,33,0,3
17,9,Dombivli,40,10,28,0,3
17,9,Ghatkopar,5,2,35,0,3
17,9,Kurla,0,5,34,0,3
17,9,Dadar,0,0,32,0,3
17,9,Byculla,0,15,28,0,3
17,9,CSMT,20,0,35,0,3
17,10,Thane,5,0,26,0,2
17,10,Dombivli,40,15,27,0,3
17,10,Ghatkopar,20,15,33,0,3
17,10,Kurla,40,0,35,0,3
17,10,Dadar,0,0,33,0,3
17,10,Byculla,40,0,30,0,3
17,10,CSMT,10,15,30,0,3
17,11,Thane,40,0,32,0,1
17,11,Dombivli,40,10,35,0,2
17,11,Ghatkopar,5,5,35,0,1
17,11,Kurla,5,5,28,0,1
17,11,Dadar,0,15,27,0,2
17,11,Byculla,0,0,30,0,0
17,11,CSMT,40,15,26,0,2
17,12,Thane,0,10,34,0,1
17,12,Dombivli,0,10,31,0,1
17,12,Ghatkopar,20,2,26,0,2
17,12,Kurla,20,10,31,0,3
17,12,Dadar,20,10,29,0,3
17,12,Byculla,0,0,34,0,0
17,12,CSMT,0,15,26,0,1
17,13,Thane,5,5,34,0,0
17,13,Dombivli,5,5,32,0,0
17,13,Ghatkopar,0,10,34,0,2
17,13,Kurla,0,0,33,0,1
17,13,Dadar,0,5,34,0,1
17,13,Byculla,20,0,32,0,1
17,13,CSMT,40,0,31,0,1
17,14,Thane,0,0,31,0,0
17,14,Dombivli,10,0,31,0,0
17,14,Ghatkopar,20,15,35,0,3
17,14,Kurla,5,5,32,0,1
17,14,Dadar,20,10,32,0,3
17,14,Byculla,10,15,28,0,1
17,14,CSMT,10,0,28,0,0
17,15,Thane,0,0,29,0,0
17,15,Dombivli,0,10,35,0,1
17,15,Ghatkopar,0,15,28,0,2
17,15,Kurla,0,15,32,0,2
17,15,Dadar,5,0,35,0,1
17,15,Byculla,0,2,29,0,0
17,15,CSMT,5,5,31,0,0
17,16,Thane,0,2,29,0,0
17,16,Dombivli,0,0,28,0,0
17,16,Ghatkopar,20,10,33,0,3
17,16,Kurla,20,5,31,0,2
17,16,Dadar,0,5,32,0,1
17,16,Byculla,0,0,32,0,0
17,16,CSMT,0,15,35,0,1
17,17,Thane,20,10,30,0,3
17,17,Dombivli,20,10,33,0,3
17,17,Ghatkopar,0,10,29,0,3
17,17,Kurla,0,0,26,0,3
17,17,Dadar,5,0,27,0,3
17,17,Byculla,0,0,30,0,2
17,17,CSMT,0,5,35,0,2
17,18,Thane,40,15,29,0,3
17,18,Dombivli,0,0,29,0,2
17,18,Ghatkopar,5,2,28,0,3
17,18,Kurla,0,15,32,0,3
17,18,Dadar,0,15,29,0,3
17,18,Byculla,20,10,33,0,3
17,18,CSMT,5,15,27,0,3
17,19,Thane,5,0,34,0,2
17,19,Dombivli,10,10,31,0,3
17,19,Ghatkopar,0,15,34,0,3
17,19,Kurla,0,10,27,0,3
17,19,Dadar,40,0,29,0,3
17,19,Byculla,40,2,31,0,3
17,19,CSMT,0,10,27,0,3
17,20,Thane,0,0,28,0,2
17,20,Dombivli,0,10,26,0,3
17,20,Ghatkopar,0,15,28,0,3
17,20,Kurla,20,15,27,0,3
17,20,Dadar,0,10,35,0,3
17,20,Byculla,5,10,35,0,3
17,20,CSMT,0,0,35,0,2
17,21,Thane,20,5,26,0,3
17,21,Dombivli,40,0,32,0,3
17,21,Ghatkopar,0,15,26,0,3
17,21,Kurla,0,2,27,0,3
17,21,Dadar,0,15,34,0,3
17,21,Byculla,0,2,28,0,2
17,21,CSMT,5,2,32,0,2
17,22,Thane,0,10,33,0,1
17,22,Dombivli,20,0,26,0,1
17,22,Ghatkopar,10,0,29,0,1
17,22,Kurla,0,0,28,0,1
17,22,Dadar,0,10,33,0,2
17,22,Byculla,0,5,32,0,0
17,22,CSMT,10,10,31,0,1
17,23,Thane,0,0,35,0,0
17,23,Dombivli,0,0,26,0,0
17,23,Ghatkopar,0,2,35,0,1
17,23,Kurla,20,0,34,0,2
17,23,Dadar,10,2,32,0,1
17,23,Byculla,5,2,29,0,0
17,23,CSMT,0,2,33,0,0
18,5,Thane,10,5,28,0,0
18,5,Dombivli,0,2,26,0,0
18,5,Ghatkopar,0,5,32,0,1
18,5,Kurla,0,10,32,0,2
18,5,Dadar,5,15,30,0,2
18,5,Byculla,0,0,29,0,0
18,5,CSMT,0,5,31,0,0
18,6,Thane,0,2,26,0,0
18,6,Dombivli,5,0,28,0,0
18,6,Ghatkopar,10,0,34,0,1
18,6,Kurla,20,5,28,0,2
18,6,Dadar,20,15,34,0,3
18,6,Byculla,0,0,31,0,0
18,6,CSMT,10,15,31,0,1
18,7,Thane,0,0,34,0,2
18,7,Dombivli,0,5,27,0,2
18,7,Ghatkopar,5,0,26,0,3
18,7,Kurla,0,10,28,0,3
18,7,Dadar,10,5,30,0,3
18,7,Byculla,0,10,35,0,3
18,7,CSMT,0,0,30,0,2
18,8,Thane,5,5,35,0,2
18,8,Dombivli,5,10,33,0,3
18,8,Ghatkopar,0,10,35,0,3
18,8,Kurla,0,0,30,0,3
18,8,Dadar,20,15,32,0,3
18,8,Byculla,10,5,30,0,2
18,8,CSMT,5,5,34,0,2
18,9,Thane,0,0,28,0,2
18,9,Dombivli,0,15,34,0,3
18,9,Ghatkopar,10,10,35,0,3
18,9,Kurla,0,15,27,0,3
18,9,Dadar,0,15,26,0,3
18,9,Byculla,0,5,32,0,2
18,9,CSMT,0,2,30,0,2
18,10,Thane,0,2,26,0,2
18,10,Dombivli,5,15,29,0,3
18,10,Ghatkopar,5,15,28,0,3
18,10,Kurla,10,0,29,0,3
18,10,Dadar,0,0,28,0,3
18,10,Byculla,0,15,29,0,3
18,10,CSMT,0,10,30,0,3
18,11,Thane,0,5,29,0,0
18,11,Dombivli,0,10,35,0,1
18,11,Ghatkopar,40,15,27,0,3
18,11,Kurla,0,15,31,0,2
18,11,Dadar,0,5,35,0,1
18,11,Byculla,5,0,30,0,0
18,11,CSMT,0,15,27,0,1
18,12,Thane,10,5,34,0,0
18,12,Dombivli,0,5,26,0,0
18,12,Ghatkopar,5,15,30,0,2
18,12,Kurla,0,2,30,0,1
18,12,Dadar,20,10,35,0,3
18,12,Byculla,20,10,27,0,2
18,12,CSMT,5,15,34,0,1
18,13,Thane,0,10,28,0,1
18,13,Dombivli,0,2,31,0,0
18,13,Ghatkopar,20,0,31,0,2
18,13,Kurla,0,2,28,0,1
18,13,Dadar,20,0,30,0,2
18,13,Byculla,10,10,26,0,1
18,13,CSMT,0,2,30,0,0
18,14,Thane,20,0,26,0,1
18,14,Dombivli,0,0,31,0,0
18,14,Ghatkopar,0,0,27,0,1
18,14,Kurla,40,10,32,0,3
18,14,Dadar,20,0,35,0,2
18,14,Byculla,0,10,34,0,1
18,14,CSMT,0,0,34,0,0
18,15,Thane,0,0,29,0,0
18,15,Dombivli,10,2,27,0,0
18,15,Ghatkopar,10,2,31,0,1
18,15,Kurla,0,2,28,0,1
18,15,Dadar,0,0,32,0,1
18,15,Byculla,10,0,30,0,0
18,15,CSMT,40,0,28,0,1
18,16,Thane,0,5,32,0,0
18,16,Dombivli,20,0,26,0,1
18,16,Ghatkopar,20,5,35,0,2
18,16,Kurla,0,15,30,0,2
18,16,Dadar,0,0,26,0,1
18,16,Byculla,10,10,35,0,1
18,16,CSMT,0,0,35,0,0
18,17,Thane,5,0,30,0,2
18,17,Dombivli,20,0,28,0,3
18,17,Ghatkopar,20,15,29,0,3
18,17,Kurla,40,0,31,0,3
18,17,Dadar,20,10,31,0,3
18,17,Byculla,10,10,31,0,3
18,17,CSMT,0,0,30,0,2
18,18,Thane,5,10,33,0,3
18,18,Dombivli,5,5,28,0,2
18,18,Ghatkopar,10,2,30,0,3
18,18,Kurla,0,0,26,0,3
18,18,Dadar,5,5,27,0,3
18,18,Byculla,0,0,31,0,2
18,18,CSMT,0,0,29,0,2
18,19,Thane,20,15,27,0,3
18,19,Dombivli,10,15,35,0,3
18,19,Ghatkopar,40,10,33,0,3
18,19,Kurla,20,2,35,0,3
18,19,Dadar,0,0,29,0,3
18,19,Byculla,0,0,33,0,2
18,19,CSMT,10,0,28,0,2
18,20,Thane,0,0,29,0,2
18,20,Dombivli,0,5,28,0,2
18,20,Ghatkopar,0,2,33,0,3
18,20,Kurla,0,0,29,0,3
18,20,Dadar,40,10,33,0,3
18,20,Byculla,20,0,29,0,3
18,20,CSMT,0,0,33,0,2
18,21,Thane,5,5,26,0,2
18,21,Dombivli,0,0,32,0,2
18,21,Ghatkopar,40,10,34,0,3
18,21,Kurla,5,10,28,0,3
18,21,Dadar,40,5,34,0,3
18,21,Byculla,0,5,33,0,2
18,21,CSMT,0,15,32,0,3
18,22,Thane,0,2,30,0,0
18,22,Dombivli,40,10,27,0,2
18,22,Ghatkopar,0,5,34,0,1
18,22,Kurla,10,0,32,0,1
18,22,Dadar,5,0,35,0,1
18,22,Byculla,10,10,34,0,1
18,22,CSMT,0,5,27,0,0
18,23,Thane,0,2,26,0,0
18,23,Dombivli,0,0,29,0,0
18,23,Ghatkopar,0,5,31,0,1
18,23,Kurla,40,2,26,0,2
18,23,Dadar,0,5,31,0,1
18,23,Byculla,0,10,31,0,1
18,23,CSMT,0,0,29,0,0
19,5,Thane,20,2,29,0,1
19,5,Dombivli,10,15,31,0,1
19,5,Ghatkopar,40,0,32,0,2
19,5,Kurla,20,2,31,0,2
19,5,Dadar,40,0,31,0,2
19,5,Byculla,5,10,30,0,1
19,5,CSMT,0,2,28,0,0
19,6,Thane,40,15,34,0,2
19,6,Dombivli,10,5,32,0,0
19,6,Ghatkopar,0,15,30,0,2
19,6,Kurla,10,2,28,0,1
19,6,Dadar,10,0,30,0,1
19,6,Byculla,0,0,26,0,0
19,6,CSMT,40,10,27,0,2
19,7,Thane,0,2,26,0,2
19,7,Dombivli,5,2,35,0,2
19,7,Ghatkopar,20,10,29,0,3
19,7,Kurla,0,0,26,0,3
19,7,Dadar,0,10,34,0,3
19,7,Byculla,20,15,33,0,3
19,7,CSMT,20,10,29,0,3
19,8,Thane,0,2,28,0,2
19,8,Dombivli,20,0,33,0,3
19,8,Ghatkopar,0,15,35,0,3
19,8,Kurla,0,0,33,0,3
19,8,Dadar,40,15,28,0,3
19,8,Byculla,5,15,26,0,3
19,8,CSMT,0,15,28,0,3
19,9,Thane,0,15,35,0,3
19,9,Dombivli,20,5,28,0,3
19,9,Ghatkopar,0,0,34,0,3
19,9,Kurla,0,0,32,0,3
19,9,Dadar,0,2,31,0,3
19,9,Byculla,0,15,30,0,3
19,9,CSMT,10,2,33,0,2
19,10,Thane,0,2,33,0,2
19,10,Dombivli,0,10,27,0,3
19,10,Ghatkopar,0,0,33,0,3
19,10,Kurla,40,2,33,0,3
19,10,Dadar,0,15,31,0,3
19,10,Byculla,0,5,35,0,2
19,10,CSMT,5,15,32,0,3
19,11,Thane,0,2,29,0,0
19,11,Dombivli,40,2,35,0,1
19,11,Ghatkopar,10,5,29,0,1
19,11,Kurla,0,0,26,0,1
19,11,Dadar,10,2,27,0,1
19,11,Byculla,5,2,31,0,0
19,11,CSMT,20,10,27,0,2
19,12,Thane,0,2,35,0,0
19,12,Dombivli,5,5,34,0,0
19,12,Ghatkopar,10,0,28,0,1
19,12,Kurla,0,15,32,0,2
19,12,Dadar,20,15,34,0,3
19,12,Byculla,0,0,32,0,0
19,12,CSMT,0,0,30,0,0
19,13,Thane,0,0,32,0,0
19,13,Dombivli,40,5,29,0,1
19,13,Ghatkopar,10,15,33,0,2
19,13,Kurla,40,5,27,0,2
19,13,Dadar,20,0,27,0,2
19,13,Byculla,10,10,27,0,1
19,13,CSMT,0,10,28,0,1
19,14,Thane,0,0,27,0,0
19,14,Dombivli,0,0,28,0,0
19,14,Ghatkopar,0,10,33,0,2
19,14,Kurla,10,15,29,0,2
19,14,Dadar,0,5,30,0,1
19,14,Byculla,40,15,30,0,2
19,14,CSMT,0,2,26,0,0
19,15,Thane,0,2,26,0,0
19,15,Dombivli,0,5,29,0,0
19,15,Ghatkopar,0,2,28,0,1
19,15,Kurla,40,2,34,0,2
19,15,Dadar,10,5,26,0,1
19,15,Byculla,20,0,32,0,1
19,15,CSMT,5,0,26,0,0
19,16,Thane,0,0,33,0,0
19,16,Dombivli,20,0,34,0,1
19,16,Ghatkopar,5,15,26,0,2
19,16,Kurla,0,0,27,0,1
19,16,Dadar,0,2,34,0,1
19,16,Byculla,10,2,29,0,0
19,16,CSMT,40,2,33,0,1
19,17,Thane,20,5,30,0,3
19,17,Dombivli,40,15,28,0,3
19,17,Ghatkopar,0,5,29,0,3
19,17,Kurla,0,0,30,0,3
19,17,Dadar,5,15,34,0,3
19,17,Byculla,10,10,27,0,3
19,17,CSMT,40,0,34,0,3
19,18,Thane,10,2,30,0,2
19,18,Dombivli,40,2,29,0,3
19,18,Ghatkopar,20,2,35,0,3
19,18,Kurla,10,15,34,0,3
19,18,Dadar,0,15,27,0,3
19,18,Byculla,0,10,27,0,3
19,18,CSMT,0,2,31,0,2
19,19,Thane,0,0,29,0,2
19,19,Dombivli,40,0,31,0,3
19,19,Ghatkopar,0,15,28,0,3
19,19,Kurla,10,15,30,0,3
19,19,Dadar,5,0,30,0,3
19,19,Byculla,10,0,34,0,2
19,19,CSMT,40,15,35,0,3
19,20,Thane,0,0,35,0,2
19,20,Dombivli,5,0,35,0,2
19,20,Ghatkopar,40,10,33,0,3
19,20,Kurla,10,2,29,0,3
19,20,Dadar,0,0,31,0,3
19,20,Byculla,20,15,34,0,3
19,20,CSMT,5,2,35,0,2
19,21,Thane,0,5,31,0,2
19,21,Dombivli,10,5,35,0,2
19,21,Ghatkopar,0,5,30,0,3
19,21,Kurla,10,0,34,0,3
19,21,Dadar,0,10,31,0,3
19,21,Byculla,0,2,34,0,2
19,21,CSMT,0,2,35,0,2
19,22,Thane,5,0,27,0,0
19,22,Dombivli,5,0,33,0,0
19,22,Ghatkopar,40,10,28,0,3
19,22,Kurla,0,10,28,0,2
19,22,Dadar,0,10,32,0,2
19,22,Byculla,0,10,26,0,1
19,22,CSMT,0,15,31,0,1
19,23,Thane,40,0,27,0,1
19,23,Dombivli,0,2,32,0,0
19,23,Ghatkopar,5,0,32,0,1
19,23,Kurla,5,0,31,0,1
19,23,Dadar,0,2,29,0,1
19,23,Byculla,20,5,27,0,1
19,23,CSMT,40,10,34,0,2
20,5,Thane,20,5,33,1,0
20,5,Dombivli,40,0,31,0,1
20,5,Ghatkopar,0,15,30,0,2
20,5,Kurla,20,0,33,1,1
20,5,Dadar,0,10,32,0,2
20,5,Byculla,0,2,28,0,0
20,5,CSMT,0,0,27,1,0
20,6,Thane,20,0,30,1,0
20,6,Dombivli,0,0,31,1,0
20,6,Ghatkopar,0,15,34,1,1
20,6,Kurla,0,2,33,0,1
20,6,Dadar,5,15,32,1,1
20,6,Byculla,0,0,31,0,0
20,6,CSMT,0,10,29,0,1
20,7,Thane,0,5,27,1,1
20,7,Dombivli,10,2,27,1,1
20,7,Ghatkopar,0,10,34,0,3
20,7,Kurla,0,0,30,0,3
20,7,Dadar,0,0,34,1,2
20,7,Byculla,0,10,29,1,2
20,7,CSMT,0,0,27,0,2
20,8,Thane,0,15,27,0,3
20,8,Dombivli,10,0,33,0,2
20,8,Ghatkopar,20,10,33,1,3
20,8,Kurla,10,5,30,0,3
20,8,Dadar,0,0,33,1,2
20,8,Byculla,20,15,30,0,3
20,8,CSMT,10,0,30,0,2
20,9,Thane,5,5,27,1,1
20,9,Dombivli,10,0,28,0,2
20,9,Ghatkopar,5,0,35,0,3
20,9,Kurla,5,10,31,0,3
20,9,Dadar,0,0,33,0,3
20,9,Byculla,0,10,31,1,2
20,9,CSMT,0,0,28,0,2
20,10,Thane,10,0,33,0,2
20,10,Dombivli,5,5,27,0,2
20,10,Ghatkopar,0,0,32,1,2
20,10,Kurla,0,0,33,1,2
20,10,Dadar,0,0,34,1,2
20,10,Byculla,0,2,31,1,1
20,10,CSMT,0,0,31,0,2
20,11,Thane,0,0,33,1,0
20,11,Dombivli,0,15,33,0,1
20,11,Ghatkopar,0,15,28,1,1
20,11,Kurla,0,10,29,1,1
20,11,Dadar,5,2,29,0,1
20,11,Byculla,40,10,26,0,2
20,11,CSMT,0,5,27,0,0
20,12,Thane,40,0,27,0,1
20,12,Dombivli,0,5,30,0,0
20,12,Ghatkopar,0,10,33,1,1
20,12,Kurla,0,15,26,1,1
20,12,Dadar,5,10,28,1,1
20,12,Byculla,20,15,33,0,2
20,12,CSMT,10,5,30,0,0
20,13,Thane,0,5,35,0,0
20,13,Dombivli,0,0,30,1,0
20,13,Ghatkopar,10,5,27,1,0
20,13,Kurla,5,0,26,1,0
20,13,Dadar,40,5,28,0,2
20,13,Byculla,0,15,31,1,0
20,13,CSMT,0,10,31,0,1
20,14,Thane,5,2,31,1,0
20,14,Dombivli,5,10,29,0,1
20,14,Ghatkopar,10,0,26,1,0
20,14,Kurla,0,15,31,0,2
20,14,Dadar,0,0,29,1,0
20,14,Byculla,0,10,34,1,0
20,14,CSMT,0,10,35,1,0
20,15,Thane,0,0,31,0,0
20,15,Dombivli,5,5,34,0,0
20,15,Ghatkopar,20,15,26,1,2
20,15,Kurla,40,0,35,1,1
20,15,Dadar,10,0,35,1,0
20,15,Byculla,0,0,35,1,0
20,15,CSMT,0,0,30,0,0
20,16,Thane,10,0,33,0,0
20,16,Dombivli,0,2,34,1,0
20,16,Ghatkopar,0,2,34,1,0
20,16,Kurla,0,0,27,0,1
20,16,Dadar,5,10,28,1,1
20,16,Byculla,0,5,27,0,0
20,16,CSMT,0,15,33,1,0
20,17,Thane,5,2,33,1,1
20,17,Dombivli,5,5,27,1,1
20,17,Ghatkopar,0,5,31,1,2
20,17,Kurla,0,0,26,1,2
20,17,Dadar,5,15,27,0,3
20,17,Byculla,10,15,32,0,3
20,17,CSMT,0,0,31,0,2
20,18,Thane,10,2,34,0,2
20,18,Dombivli,0,2,35,0,2
20,18,Ghatkopar,40,10,29,1,3
20,18,Kurla,10,10,27,0,3
20,18,Dadar,10,15,29,1,3
20,18,Byculla,0,0,31,0,2
20,18,CSMT,0,2,27,0,2
20,19,Thane,5,15,30,0,3
20,19,Dombivli,0,2,27,1,1
20,19,Ghatkopar,0,0,33,0,3
20,19,Kurla,10,2,27,0,3
20,19,Dadar,0,0,29,0,3
20,19,Byculla,0,0,34,0,2
20,19,CSMT,0,5,31,0,2
20,20,Thane,0,0,27,1,1
20,20,Dombivli,0,0,31,1,1
20,20,Ghatkopar,5,0,32,1,2
20,20,Kurla,5,0,34,0,3
20,20,Dadar,0,15,33,1,3
20,20,Byculla,20,0,35,1,2
20,20,CSMT,40,5,27,0,3
20,21,Thane,5,15,27,0,3
20,21,Dombivli,0,15,31,0,3
20,21,Ghatkopar,0,15,34,0,3
20,21,Kurla,20,0,27,1,3
20,21,Dadar,40,10,27,1,3
20,21,Byculla,0,2,30,1,1
20,21,CSMT,0,15,26,0,3
20,22,Thane,5,2,32,0,0
20,22,Dombivli,40,5,34,0,1
20,22,Ghatkopar,20,0,26,0,2
20,22,Kurla,20,0,33,0,2
20,22,Dadar,20,2,33,1,1
20,22,Byculla,5,10,27,1,0
20,22,CSMT,5,0,31,0,0
20,23,Thane,20,15,26,1,1
20,23,Dombivli,20,10,28,0,2
20,23,Ghatkopar,0,2,27,1,0
20,23,Kurla,0,5,35,0,1
20,23,Dadar,0,10,29,0,2
20,23,Byculla,40,0,35,0,1
20,23,CSMT,0,10,32,1,0
21,5,Thane,20,5,30,0,1
21,5,Dombivli,0,0,26,1,0
21,5,Ghatkopar,0,2,34,1,0
21,5,Kurla,10,5,30,0,1
21,5,Dadar,0,10,35,0,2
21,5,Byculla,0,5,29,1,0
21,5,CSMT,40,0,26,0,1
21,6,Thane,0,5,26,1,0
21,6,Dombivli,20,0,35,1,0
21,6,Ghatkopar,5,0,34,1,0
21,6,Kurla,0,5,34,1,0
21,6,Dadar,0,10,30,1,1
21,6,Byculla,0,0,31,0,0
21,6,CSMT,0,0,26,1,0
21,7,Thane,0,0,33,0,2
21,7,Dombivli,5,0,27,1,1
21,7,Ghatkopar,20,0,32,1,3
21,7,Kurla,0,15,26,1,3
21,7,Dadar,0,2,31,1,2
21,7,Byculla,5,0,35,1,1
21,7,CSMT,10,2,28,1,1
21,8,Thane,0,5,29,0,2
21,8,Dombivli,40,0,33,1,2
21,8,Ghatkopar,20,10,26,0,3
21,8,Kurla,20,15,34,1,3
21,8,Dadar,20,5,27,1,3
21,8,Byculla,0,10,31,0,3
21,8,CSMT,20,5,29,0,3
21,9,Thane,20,10,29,0,3
21,9,Dombivli,10,0,33,0,2
21,9,Ghatkopar,0,15,29,1,3
21,9,Kurla,5,2,33,1,2
21,9,Dadar,0,0,31,0,3
21,9,Byculla,40,10,31,0,3
21,9,CSMT,0,5,34,1,1
21,10,Thane,40,0,30,0,3
21,10,Dombivli,0,0,33,1,1
21,10,Ghatkopar,0,10,30,1,3
21,10,Kurla,40,5,26,0,3
21,10,Dadar,20,15,26,0,3
21,10,Byculla,0,15,31,0,3
21,10,CSMT,0,15,29,1,2
21,11,Thane,20,15,29,0,2
21,11,Dombivli,0,10,26,1,0
21,11,Ghatkopar,20,0,27,1,1
21,11,Kurla,0,2,27,1,0
21,11,Dadar,0,0,30,0,1
21,11,Byculla,0,0,35,0,0
21,11,CSMT,40,15,29,1,1
21,12,Thane,0,15,34,0,1
21,12,Dombivli,5,15,29,0,1
21,12,Ghatkopar,0,0,33,1,0
21,12,Kurla,0,10,35,0,2
21,12,Dadar,20,0,30,0,2
21,12,Byculla,5,10,27,0,1
21,12,CSMT,0,0,29,1,0
21,13,Thane,0,2,27,1,0
21,13,Dombivli,0,5,33,0,0
21,13,Ghatkopar,5,10,27,1,1
21,13,Kurla,20,10,30,0,3
21,13,Dadar,0,15,26,0,2
21,13,Byculla,0,15,29,1,0
21,13,CSMT,40,2,26,0,1
21,14,Thane,10,0,35,1,0
21,14,Dombivli,0,2,28,1,0
21,14,Ghatkopar,5,2,31,1,0
21,14,Kurla,5,0,34,1,0
21,14,Dadar,0,5,29,1,0
21,14,Byculla,40,10,27,1,1
21,14,CSMT,40,2,27,1,0
21,15,Thane,10,15,28,1,0
21,15,Dombivli,0,10,34,1,0
21,15,Ghatkopar,0,0,28,1,0
21,15,Kurla,0,0,26,1,0
21,15,Dadar,0,0,35,1,0
21,15,Byculla,0,0,34,1,0
21,15,CSMT,0,10,32,1,0
21,16,Thane,20,2,27,0,1
21,16,Dombivli,0,15,32,1,0
21,16,Ghatkopar,0,5,33,1,0
21,16,Kurla,0,5,29,0,1
21,16,Dadar,40,0,28,0,2
21,16,Byculla,5,2,28,0,0
21,16,CSMT,0,10,33,0,1
21,17,Thane,20,0,33,1,2
21,17,Dombivli,0,0,27,1,1
21,17,Ghatkopar,40,5,27,0,3
21,17,Kurla,5,15,26,0,3
21,17,Dadar,0,5,32,1,2
21,17,Byculla,20,0,32,0,3
21,17,CSMT,0,15,30,0,3
21,18,Thane,0,15,33,1,2
21,18,Dombivli,0,5,34,0,2
21,18,Ghatkopar,0,2,27,0,3
21,18,Kurla,0,5,35,0,3
21,18,Dadar,20,5,33,1,3
21,18,Byculla,10,15,27,0,3
21,18,CSMT,10,10,29,0,3
21,19,Thane,0,5,32,1,1
21,19,Dombivli,0,15,35,0,3
21,19,Ghatkopar,40,5,34,0,3
21,19,Kurla,0,0,33,1,2
21,19,Dadar,0,15,31,0,3
21,19,Byculla,0,15,31,1,2
21,19,CSMT,10,0,26,0,2
21,20,Thane,0,0,27,0,2
21,20,Dombivli,0,2,31,1,1
21,20,Ghatkopar,40,5,26,0,3
21,20,Kurla,0,5,26,1,2
21,20,Dadar,0,2,31,0,3
21,20,Byculla,0,2,33,1,1
21,20,CSMT,0,5,31,1,1
21,21,Thane,40,0,32,0,3
21,21,Dombivli,0,15,35,0,3
21,21,Ghatkopar,5,0,33,1,2
21,21,Kurla,0,5,28,1,2
21,21,Dadar,40,15,31,0,3
21,21,Byculla,0,5,31,1,1
21,21,CSMT,40,10,32,1,3
21,22,Thane,10,5,34,1,0
21,22,Dombivli,20,15,32,1,1
21,22,Ghatkopar,20,0,35,1,1
21,22,Kurla,0,2,28,0,1
21,22,Dadar,0,2,29,1,0
21,22,Byculla,5,2,29,0,0
21,22,CSMT,0,2,35,1,0
21,23,Thane,0,0,27,0,0
21,23,Dombivli,5,0,32,1,0
21,23,Ghatkopar,5,15,31,0,2
21,23,Kurla,10,10,29,1,1
21,23,Dadar,0,5,30,1,0
21,23,Byculla,0,5,32,0,0
21,23,CSMT,40,2,27,0,1
22,5,Thane,10,15,35,0,1
22,5,Dombivli,20,2,34,0,1
22,5,Ghatkopar,0,2,35,0,1
22,5,Kurla,10,10,32,0,2
22,5,Dadar,20,15,34,0,3
22,5,Byculla,40,2,28,0,1
22,5,CSMT,5,2,29,0,0
22,6,Thane,40,0,35,0,1
22,6,Dombivli,5,5,31,0,0
22,6,Ghatkopar,5,2,29,0,1
22,6,Kurla,40,0,30,0,2
22,6,Dadar,20,15,32,0,3
22,6,Byculla,5,10,29,0,1
22,6,CSMT,0,2,27,0,0
22,7,Thane,40,15,31,0,3
22,7,Dombivli,40,10,30,0,3
22,7,Ghatkopar,40,2,26,0,3
22,7,Kurla,20,10,30,0,3
22,7,Dadar,40,0,32,0,3
22,7,Byculla,40,0,27,0,3
22,7,CSMT,40,10,27,0,3
22,8,Thane,5,2,31,0,2
22,8,Dombivli,20,0,28,0,3
22,8,Ghatkopar,0,0,27,0,3
22,8,Kurla,20,2,35,0,3
22,8,Dadar,0,0,27,0,3
22,8,Byculla,0,2,35,0,2
22,8,CSMT,0,10,33,0,3
22,9,Thane,5,5,26,0,2
22,9,Dombivli,0,10,29,0,3
22,9,Ghatkopar,0,0,26,0,3
22,9,Kurla,0,2,26,0,3
22,9,Dadar,0,10,28,0,3
22,9,Byculla,20,0,33,0,3
22,9,CSMT,0,0,34,0,2
22,10,Thane,5,5,33,0,2
22,10,Dombivli,0,0,34,0,2
22,10,Ghatkopar,0,2,27,0,3
22,10,Kurla,0,0,35,0,3
22,10,Dadar,5,5,33,0,3
22,10,Byculla,0,2,29,0,2
22,10,CSMT,0,10,34,0,3
22,11,Thane,10,0,29,0,0
22,11,Dombivli,0,0,31,0,0
22,11,Ghatkopar,40,10,34,0,3
22,11,Kurla,0,5,33,0,1
22,11,Dadar,0,5,32,0,1
22,11,Byculla,0,2,32,0,0
22,11,CSMT,5,2,34,0,0
22,12,Thane,0,15,32,0,1
22,12,Dombivli,0,10,26,0,1
22,12,Ghatkopar,0,15,30,0,2
22,12,Kurla,0,15,32,0,2
22,12,Dadar,10,0,29,0,1
22,12,Byculla,40,0,31,0,1
22,12,CSMT,0,0,29,0,0
22,13,Thane,0,15,31,0,1
22,13,Dombivli,0,5,34,0,0
22,13,Ghatkopar,0,2,29,0,1
22,13,Kurla,5,2,32,0,1
22,13,Dadar,20,5,27,0,2
22,13,Byculla,10,0,26,0,0
22,13,CSMT,10,5,31,0,0
22,14,Thane,40,2,29,0,1
22,14,Dombivli,0,10,30,0,1
22,14,Ghatkopar,5,2,30,0,1
22,14,Kurla,0,15,28,0,2
22,14,Dadar,0,10,28,0,2
22,14,Byculla,0,0,26,0,0
22,14,CSMT,10,0,29,0,0
22,15,Thane,40,0,27,0,1
22,15,Dombivli,0,2,33,0,0
22,15,Ghatkopar,10,0,28,0,1
22,15,Kurla,0,15,29,0,2
22,15,Dadar,10,0,26,0,1
22,15,Byculla,40,5,35,0,1
22,15,CSMT,10,0,28,0,0
22,16,Thane,40,0,34,0,1
22,16,Dombivli,5,0,28,0,0
22,16,Ghatkopar,5,5,35,0,1
22,16,Kurla,0,2,33,0,1
22,16,Dadar,0,2,31,0,1
22,16,Byculla,20,10,29,0,2
22,16,CSMT,5,15,30,0,1
22,17,Thane,40,2,34,0,3
22,17,Dombivli,0,10,30,0,3
22,17,Ghatkopar,0,5,29,0,3
22,17,Kurla,0,5,31,0,3
22,17,Dadar,0,0,26,0,3
22,17,Byculla,0,2,35,0,2
22,17,CSMT,10,5,34,0,2
22,18,Thane,10,0,34,0,2
22,18,Dombivli,0,0,26,0,2
22,18,Ghatkopar,0,5,27,0,3
22,18,Kurla,0,2,31,0,3
22,18,Dadar,0,0,29,0,3
22,18,Byculla,0,15,28,0,3
22,18,CSMT,10,10,32,0,3
22,19,Thane,5,0,31,0,2
22,19,Dombivli,0,2,34,0,2
22,19,Ghatkopar,0,0,34,0,3
22,19,Kurla,0,15,27,0,3
22,19,Dadar,0,10,33,0,3
22,19,Byculla,0,0,32,0,2
22,19,CSMT,10,0,34,0,2
22,20,Thane,40,0,27,0,3
22,20,Dombivli,5,15,27,0,3
22,20,Ghatkopar,0,2,34,0,3
22,20,Kurla,10,0,28,0,3
22,20,Dadar,5,10,33,0,3
22,20,Byculla,0,0,27,0,2
22,20,CSMT,40,0,34,0,3
22,21,Thane,0,0,26,0,2
22,21,Dombivli,40,15,30,0,3
22,21,Ghatkopar,0,10,28,0,3
22,21,Kurla,0,5,28,0,3
22,21,Dadar,40,15,27,0,3
22,21,Byculla,0,0,27,0,2
22,21,CSMT,5,15,28,0,3
22,22,Thane,0,5,31,0,0
22,22,Dombivli,0,5,31,0,0
22,22,Ghatkopar,0,5,26,0,1
22,22,Kurla,10,0,32,0,1
22,22,Dadar,20,5,35,0,2
22,22,Byculla,0,2,31,0,0
22,22,CSMT,0,15,27,0,1
22,23,Thane,0,15,31,0,1
22,23,Dombivli,0,15,35,0,1
22,23,Ghatkopar,10,10,29,0,2
22,23,Kurla,0,15,27,0,2
22,23,Dadar,0,15,34,0,2
22,23,Byculla,0,2,32,0,0
22,23,CSMT,0,2,35,0,0
23,5,Thane,0,15,34,0,1
23,5,Dombivli,20,5,27,0,1
23,5,Ghatkopar,0,10,34,0,2
23,5,Kurla,20,15,35,0,3
23,5,Dadar,0,5,27,0,1
23,5,Byculla,20,5,29,0,1
23,5,CSMT,40,2,34,0,1
23,6,Thane,0,5,26,0,0
23,6,Dombivli,10,2,28,0,0
23,6,Ghatkopar,10,10,27,0,2
23,6,Kurla,20,10,32,0,3
23,6,Dadar,20,15,35,0,3
23,6,Byculla,0,10,31,0,1
23,6,CSMT,0,10,26,0,1
23,7,Thane,0,0,29,0,2
23,7,Dombivli,5,2,32,0,2
23,7,Ghatkopar,40,5,30,0,3
23,7,Kurla,0,0,26,0,3
23,7,Dadar,10,15,32,0,3
23,7,Byculla,0,15,34,0,3
23,7,CSMT,0,0,33,0,2
23,8,Thane,5,15,30,0,3
23,8,Dombivli,0,5,32,0,2
23,8,Ghatkopar,5,5,29,0,3
23,8,Kurla,10,5,30,0,3
23,8,Dadar,0,5,26,0,3
23,8,Byculla,40,5,28,0,3
23,8,CSMT,5,15,26,0,3
23,9,Thane,0,15,32,0,3
23,9,Dombivli,40,0,27,0,3
23,9,Ghatkopar,0,0,35,0,3
23,9,Kurla,40,2,26,0,3
23,9,Dadar,0,2,35,0,3
23,9,Byculla,0,0,31,0,2
23,9,CSMT,0,10,33,0,3
23,10,Thane,5,0,35,0,2
23,10,Dombivli,0,0,33,0,2
23,10,Ghatkopar,20,0,28,0,3
23,10,Kurla,0,0,26,0,3
23,10,Dadar,0,5,30,0,3
23,10,Byculla,0,2,29,0,2
23,10,CSMT,0,0,27,0,2
23,11,Thane,5,10,33,0,1
23,11,Dombivli,5,2,31,0,0
23,11,Ghatkopar,0,10,32,0,2
23,11,Kurla,0,15,31,0,2
23,11,Dadar,20,5,26,0,2
23,11,Byculla,10,15,32,0,1
23,11,CSMT,0,10,34,0,1
23,12,Thane,10,10,29,0,1
23,12,Dombivli,0,2,35,0,0
23,12,Ghatkopar,40,15,30,0,3
23,12,Kurla,5,5,26,0,1
23,12,Dadar,20,0,28,0,2
23,12,Byculla,0,10,31,0,1
23,12,CSMT,0,2,34,0,0
23,13,Thane,40,5,33,0,1
23,13,Dombivli,20,5,34,0,1
23,13,Ghatkopar,10,0,32,0,1
23,13,Kurla,40,0,27,0,2
23,13,Dadar,0,5,31,0,1
23,13,Byculla,5,0,33,0,0
23,13,CSMT,20,5,32,0,1
23,14,Thane,10,2,26,0,0
23,14,Dombivli,0,2,32,0,0
23,14,Ghatkopar,0,0,26,0,1
23,14,Kurla,0,0,28,0,1
23,14,Dadar,0,5,30,0,1
23,14,Byculla,5,10,26,0,1
23,14,CSMT,20,15,30,0,2
23,15,Thane,20,15,29,0,2
23,15,Dombivli,0,10,29,0,1
23,15,Ghatkopar,0,0,26,0,1
23,15,Kurla,40,0,31,0,2
23,15,Dadar,0,0,27,0,1
23,15,Byculla,20,10,34,0,2
23,15,CSMT,40,15,27,0,2
23,16,Thane,5,15,35,0,1
23,16,Dombivli,20,0,29,0,1
23,16,Ghatkopar,20,0,28,0,2
23,16,Kurla,0,10,26,0,2
23,16,Dadar,0,2,34,0,1
23,16,Byculla,0,10,34,0,1
23,16,CSMT,5,10,34,0,1
23,17,Thane,20,5,33,0,3
23,17,Dombivli,5,0,27,0,2
23,17,Ghatkopar,20,10,27,0,3
23,17,Kurla,20,0,28,0,3
23,17,Dadar,10,5,27,0,3
23,17,Byculla,20,0,30,0,3
23,17,CSMT,5,0,29,0,2
23,18,Thane,20,15,33,0,3
23,18,Dombivli,20,0,28,0,3
23,18,Ghatkopar,5,15,28,0,3
23,18,Kurla,40,0,30,0,3
23,18,Dadar,0,5,27,0,3
23,18,Byculla,40,10,28,0,3
23,18,CSMT,0,10,32,0,3
23,19,Thane,0,15,35,0,3
23,19,Dombivli,5,2,31,0,2
23,19,Ghatkopar,40,0,27,0,3
23,19,Kurla,0,0,34,0,3
23,19,Dadar,0,10,32,0,3
23,19,Byculla,20,10,31,0,3
23,19,CSMT,5,2,32,0,2
23,20,Thane,0,10,26,0,3
23,20,Dombivli,0,10,27,0,3
23,20,Ghatkopar,20,0,27,0,3
23,20,Kurla,0,15,28,0,3
23,20,Dadar,5,15,35,0,3
23,20,Byculla,0,5,34,0,2
23,20,CSMT,40,15,26,0,3
23,21,Thane,40,2,31,0,3
23,21,Dombivli,0,5,35,0,2
23,21,Ghatkopar,0,0,32,0,3
23,21,Kurla,0,10,28,0,3
23,21,Dadar,0,2,31,0,3
23,21,Byculla,0,2,33,0,2
23,21,CSMT,0,0,34,0,2
23,22,Thane,0,2,29,0,0
23,22,Dombivli,5,10,33,0,1
23,22,Ghatkopar,20,10,32,0,3
23,22,Kurla,0,10,33,0,2
23,22,Dadar,0,0,35,0,1
23,22,Byculla,0,0,28,0,0
23,22,CSMT,0,0,30,0,0
23,23,Thane,10,2,33,0,0
23,23,Dombivli,0,2,30,0,0
23,23,Ghatkopar,0,0,27,0,1
23,23,Kurla,20,15,35,0,3
23,23,Dadar,20,2,30,0,2
23,23,Byculla,0,2,26,0,0
23,23,CSMT,0,15,31,0,1
24,5,Thane,0,2,35,0,0
24,5,Dombivli,0,5,33,0,0
24,5,Ghatkopar,0,0,27,0,1
24,5,Kurla,20,10,32,0,3
24,5,Dadar,10,0,34,0,1
24,5,Byculla,10,15,28,0,1
24,5,CSMT,0,2,31,0,0
24,6,Thane,0,15,27,0,1
24,6,Dombivli,5,0,33,0,0
24,6,Ghatkopar,40,0,33,0,2
24,6,Kurla,0,0,33,0,1
24,6,Dadar,5,15,32,0,2
24,6,Byculla,20,0,32,0,1
24,6,CSMT,10,2,34,0,0
24,7,Thane,0,0,27,0,2
24,7,Dombivli,0,15,32,0,3
24,7,Ghatkopar,0,0,31,0,3
24,7,Kurla,0,0,26,0,3
24,7,Dadar,0,5,29,0,3
24,7,Byculla,0,0,31,0,2
24,7,CSMT,40,2,29,0,3
24,8,Thane,10,0,29,0,2
24,8,Dombivli,20,0,28,0,3
24,8,Ghatkopar,0,0,28,0,3
24,8,Kurla,40,2,31,0,3
24,8,Dadar,0,5,28,0,3
24,8,Byculla,40,5,28,0,3
24,8,CSMT,20,5,26,0,3
24,9,Thane,20,15,35,0,3
24,9,Dombivli,0,2,29,0,2
24,9,Ghatkopar,40,0,29,0,3
24,9,Kurla,10,0,35,0,3
24,9,Dadar,40,15,35,0,3
24,9,Byculla,40,0,27,0,3
24,9,CSMT,20,15,32,0,3
24,10,Thane,0,0,29,0,2
24,10,Dombivli,20,0,30,0,3
24,10,Ghatkopar,5,15,27,0,3
24,10,Kurla,0,15,30,0,3
24,10,Dadar,20,5,34,0,3
24,10,Byculla,20,10,27,0,3
24,10,CSMT,0,10,31,0,3
24,11,Thane,0,15,30,0,1
24,11,Dombivli,40,0,27,0,1
24,11,Ghatkopar,0,0,26,0,1
24,11,Kurla,5,0,32,0,1
24,11,Dadar,10,15,35,0,2
24,11,Byculla,0,15,31,0,1
24,11,CSMT,5,15,31,0,1
24,12,Thane,40,0,28,0,1
24,12,Dombivli,40,15,31,0,2
24,12,Ghatkopar,40,2,28,0,2
24,12,Kurla,0,5,33,0,1
24,12,Dadar,0,0,30,0,1
24,12,Byculla,0,0,26,0,0
24,12,CSMT,0,0,35,0,0
24,13,Thane,0,5,29,0,0
24,13,Dombivli,5,5,27,0,0
24,13,Ghatkopar,0,2,30,0,1
24,13,Kurla,5,15,27,0,2
24,13,Dadar,0,5,26,0,1
24,13,Byculla,10,10,27,0,1
24,13,CSMT,0,10,34,0,1
24,14,Thane,20,0,31,0,1
24,14,Dombivli,0,2,31,0,0
24,14,Ghatkopar,0,0,28,0,1
24,14,Kurla,0,15,31,0,2
24,14,Dadar,40,0,30,0,2
24,14,Byculla,40,5,31,0,1
24,14,CSMT,5,5,27,0,0
24,15,Thane,0,10,35,0,1
24,15,Dombivli,5,5,33,0,0
24,15,Ghatkopar,5,5,34,0,1
24,15,Kurla,0,0,27,0,1
24,15,Dadar,0,0,35,0,1
24,15,Byculla,0,2,33,0,0
24,15,CSMT,10,2,32,0,0
24,16,Thane,20,15,34,0,2
24,16,Dombivli,40,2,34,0,1
24,16,Ghatkopar,0,2,35,0,1
24,16,Kurla,5,10,30,0,2
24,16,Dadar,20,2,33,0,2
24,16,Byculla,0,5,35,0,0
24,16,CSMT,0,2,30,0,0
24,17,Thane,5,15,26,0,3
24,17,Dombivli,5,2,35,0,2
24,17,Ghatkopar,5,0,34,0,3
24,17,Kurla,40,10,30,0,3
24,17,Dadar,0,0,29,0,3
24,17,Byculla,5,0,26,0,2
24,17,CSMT,0,5,27,0,2
24,18,Thane,20,15,27,0,3
24,18,Dombivli,5,15,35,0,3
24,18,Ghatkopar,0,10,35,0,3
24,18,Kurla,0,10,32,0,3
24,18,Dadar,0,0,34,0,3
24,18,Byculla,0,0,29,0,2
24,18,CSMT,10,10,31,0,3
24,19,Thane,5,10,29,0,3
24,19,Dombivli,10,2,30,0,2
24,19,Ghatkopar,0,0,35,0,3
24,19,Kurla,0,5,31,0,3
24,19,Dadar,20,15,27,0,3
24,19,Byculla,10,0,29,0,2
24,19,CSMT,0,15,28,0,3
24,20,Thane,40,10,30,0,3
24,20,Dombivli,0,2,33,0,2
24,20,Ghatkopar,20,0,28,0,3
24,20,Kurla,0,0,35,0,3
24,20,Dadar,5,2,34,0,3
24,20,Byculla,20,15,28,0,3
24,20,CSMT,10,15,29,0,3
24,21,Thane,10,0,35,0,2
24,21,Dombivli,20,0,33,0,3
24,21,Ghatkopar,0,15,27,0,3
24,21,Kurla,0,5,26,0,3
24,21,Dadar,0,15,29,0,3
24,21,Byculla,10,5,29,0,2
24,21,CSMT,40,0,26,0,3
24,22,Thane,40,0,32,0,1
24,22,Dombivli,20,0,34,0,1
24,22,Ghatkopar,5,10,34,0,2
24,22,Kurla,0,10,32,0,2
24,22,Dadar,20,0,32,0,2
24,22,Byculla,5,10,35,0,1
24,22,CSMT,0,5,35,0,0
24,23,Thane,10,2,32,0,0
24,23,Dombivli,0,10,31,0,1
24,23,Ghatkopar,5,0,26,0,1
24,23,Kurla,0,15,32,0,2
24,23,Dadar,0,10,30,0,2
24,23,Byculla,5,2,29,0,0
24,23,CSMT,0,10,27,0,1
25,5,Thane,40,2,33,0,1
25,5,Dombivli,0,0,31,0,0
25,5,Ghatkopar,0,5,27,0,1
25,5,Kurla,0,2,26,0,1
25,5,Dadar,0,0,29,0,1
25,5,Byculla,20,2,29,0,1
25,5,CSMT,5,0,31,0,0
25,6,Thane,10,5,28,0,0
25,6,Dombivli,0,0,33,0,0
25,6,Ghatkopar,0,0,31,0,1
25,6,Kurla,0,2,31,0,1
25,6,Dadar,0,2,32,0,1
25,6,Byculla,0,2,29,0,0
25,6,CSMT,10,10,35,0,1
25,7,Thane,40,15,27,0,3
25,7,Dombivli,0,5,33,0,2
25,7,Ghatkopar,5,15,26,0,3
25,7,Kurla,0,2,29,0,3
25,7,Dadar,0,5,30,0,3
25,7,Byculla,5,10,29,0,3
25,7,CSMT,0,15,26,0,3
25,8,Thane,0,10,30,0,3
25,8,Dombivli,0,5,32,0,2
25,8,Ghatkopar,5,10,30,0,3
25,8,Kurla,20,10,28,0,3
25,8,Dadar,0,0,35,0,3
25,8,Byculla,40,0,27,0,3
25,8,CSMT,0,5,31,0,2
25,9,Thane,0,15,26,0,3
25,9,Dombivli,10,2,32,0,2
25,9,Ghatkopar,0,2,28,0,3
25,9,Kurla,0,15,26,0,3
25,9,Dadar,0,0,33,0,3
25,9,Byculla,20,10,29,0,3
25,9,CSMT,5,15,32,0,3
25,10,Thane,5,0,34,0,2
25,10,Dombivli,0,15,30,0,3
25,10,Ghatkopar,0,15,34,0,3
25,10,Kurla,0,5,30,0,3
25,10,Dadar,20,0,27,0,3
25,10,Byculla,0,2,28,0,2
25,10,CSMT,0,0,28,0,2
25,11,Thane,0,10,34,0,1
25,11,Dombivli,0,10,33,0,1
25,11,Ghatkopar,40,10,29,0,3
25,11,Kurla,0,0,34,0,1
25,11,Dadar,0,2,31,0,1
25,11,Byculla,10,0,28,0,0
25,11,CSMT,40,2,28,0,1
25,12,Thane,5,10,33,0,1
25,12,Dombivli,0,0,33,0,0
25,12,Ghatkopar,10,15,31,0,2
25,12,Kurla,0,0,30,0,1
25,12,Dadar,10,10,33,0,2
25,12,Byculla,5,15,29,0,1
25,12,CSMT,40,0,31,0,1
25,13,Thane,0,0,30,0,0
25,13,Dombivli,0,0,26,0,0
25,13,Ghatkopar,40,0,30,0,2
25,13,Kurla,20,0,34,0,2
25,13,Dadar,0,0,28,0,1
25,13,Byculla,10,5,35,0,0
25,13,CSMT,40,15,34,0,2
25,14,Thane,0,0,30,0,0
25,14,Dombivli,0,15,32,0,1
25,14,Ghatkopar,20,15,29,0,3
25,14,Kurla,0,0,32,0,1
25,14,Dadar,0,0,34,0,1
25,14,Byculla,0,10,30,0,1
25,14,CSMT,20,0,30,0,1
25,15,Thane,10,10,34,0,1
25,15,Dombivli,0,15,34,0,1
25,15,Ghatkopar,20,0,30,0,2
25,15,Kurla,0,5,33,0,1
25,15,Dadar,20,0,34,0,2
25,15,Byculla,40,15,30,0,2
25,15,CSMT,10,0,26,0,0
25,16,Thane,10,10,33,0,1
25,16,Dombivli,5,0,30,0,0
25,16,Ghatkopar,0,10,34,0,2
25,16,Kurla,0,10,28,0,2
25,16,Dadar,5,15,26,0,2
25,16,Byculla,10,5,28,0,0
25,16,CSMT,10,10,31,0,1
25,17,Thane,0,15,29,0,3
25,17,Dombivli,0,15,33,0,3
25,17,Ghatkopar,5,0,27,0,3
25,17,Kurla,0,10,32,0,3
25,17,Dadar,0,2,35,0,3
25,17,Byculla,10,5,34,0,2
25,17,CSMT,40,5,29,0,3
25,18,Thane,10,10,26,0,3
25,18,Dombivli,5,5,34,0,2
25,18,Ghatkopar,10,0,26,0,3
25,18,Kurla,0,2,33,0,3
25,18,Dadar,0,10,34,0,3
25,18,Byculla,10,10,31,0,3
25,18,CSMT,0,5,30,0,2
25,19,Thane,0,15,30,0,3
25,19,Dombivli,5,2,35,0,2
25,19,Ghatkopar,0,2,31,0,3
25,19,Kurla,20,2,31,0,3
25,19,Dadar,20,5,32,0,3
25,19,Byculla,5,5,26,0,2
25,19,CSMT,0,15,30,0,3
25,20,Thane,0,0,33,0,2
25,20,Dombivli,10,15,29,0,3
25,20,Ghatkopar,10,0,34,0,3
25,20,Kurla,0,15,28,0,3
25,20,Dadar,10,10,28,0,3
25,20,Byculla,40,5,31,0,3
25,20,CSMT,0,2,34,0,2
25,21,Thane,20,10,31,0,3
25,21,Dombivli,20,0,34,0,3
25,21,Ghatkopar,5,15,35,0,3
25,21,Kurla,10,2,31,0,3
25,21,Dadar,0,5,32,0,3
25,21,Byculla,0,15,32,0,3
25,21,CSMT,5,15,33,0,3
25,22,Thane,0,0,28,0,0
25,22,Dombivli,0,2,32,0,0
25,22,Ghatkopar,0,2,34,0,1
25,22,Kurla,5,15,30,0,2
25,22,Dadar,0,5,30,0,1
25,22,Byculla,20,10,35,0,2
25,22,CSMT,40,0,33,0,1
25,23,Thane,20,5,29,0,1
25,23,Dombivli,0,2,33,0,0
25,23,Ghatkopar,5,0,26,0,1
25,23,Kurla,0,0,29,0,1
25,23,Dadar,0,0,27,0,1
25,23,Byculla,5,0,29,0,0
25,23,CSMT,10,15,26,0,1
26,5,Thane,0,5,27,0,0
26,5,Dombivli,20,15,27,0,2
26,5,Ghatkopar,5,2,34,0,1
26,5,Kurla,0,2,33,0,1
26,5,Dadar,40,2,28,0,2
26,5,Byculla,20,15,31,0,2
26,5,CSMT,0,2,31,0,0
26,6,Thane,20,5,27,0,1
26,6,Dombivli,0,10,35,0,1
26,6,Ghatkopar,0,15,30,0,2
26,6,Kurla,0,15,35,0,2
26,6,Dadar,5,5,34,0,1
26,6,Byculla,0,5,34,0,0
26,6,CSMT,0,0,31,0,0
26,7,Thane,40,10,26,0,3
26,7,Dombivli,0,15,30,0,3
26,7,Ghatkopar,40,5,34,0,3
26,7,Kurla,40,0,34,0,3
26,7,Dadar,5,5,31,0,3
26,7,Byculla,5,2,27,0,2
26,7,CSMT,10,0,27,0,2
26,8,Thane,0,2,35,0,2
26,8,Dombivli,10,15,34,0,3
26,8,Ghatkopar,5,10,35,0,3
26,8,Kurla,0,10,31,0,3
26,8,Dadar,5,15,27,0,3
26,8,Byculla,20,2,34,0,3
26,8,CSMT,0,15,31,0,3
26,9,Thane,0,0,34,0,2
26,9,Dombivli,0,10,30,0,3
26,9,Ghatkopar,0,0,35,0,3
26,9,Kurla,0,2,28,0,3
26,9,Dadar,0,10,30,0,3
26,9,Byculla,10,10,32,0,3
26,9,CSMT,40,15,32,0,3
26,10,Thane,40,0,29,0,3
26,10,Dombivli,0,15,28,0,3
26,10,Ghatkopar,20,0,31,0,3
26,10,Kurla,5,2,30,0,3
26,10,Dadar,0,15,32,0,3
26,10,Byculla,0,15,29,0,3
26,10,CSMT,40,10,33,0,3
26,11,Thane,0,15,34,0,1
26,11,Dombivli,0,15,33,0,1
26,11,Ghatkopar,0,5,28,0,1
26,11,Kurla,20,0,27,0,2
26,11,Dadar,40,2,27,0,2
26,11,Byculla,0,0,31,0,0
26,11,CSMT,40,10,28,0,2
26,12,Thane,0,15,30,0,1
26,12,Dombivli,0,0,34,0,0
26,12,Ghatkopar,0,0,33,0,1
26,12,Kurla,0,5,30,0,1
26,12,Dadar,5,10,27,0,2
26,12,Byculla,5,15,33,0,1
26,12,CSMT,0,0,26,0,0
26,13,Thane,10,10,27,0,1
26,13,Dombivli,10,10,31,0,1
26,13,Ghatkopar,20,10,26,0,3
26,13,Kurla,0,0,34,0,1
26,13,Dadar,0,5,31,0,1
26,13,Byculla,5,15,27,0,1
26,13,CSMT,0,15,26,0,1
26,14,Thane,0,2,35,0,0
26,14,Dombivli,0,2,31,0,0
26,14,Ghatkopar,0,0,27,0,1
26,14,Kurla,0,15,35,0,2
26,14,Dadar,0,2,29,0,1
26,14,Byculla,10,0,26,0,0
26,14,CSMT,0,2,34,0,0
26,15,Thane,40,10,30,0,2
26,15,Dombivli,10,2,26,0,0
26,15,Ghatkopar,0,10,30,0,2
26,15,Kurla,0,15,29,0,2
26,15,Dadar,0,10,34,0,2
26,15,Byculla,10,0,30,0,0
26,15,CSMT,0,2,33,0,0
26,16,Thane,0,2,28,0,0
26,16,Dombivli,0,0,35,0,0
26,16,Ghatkopar,20,0,26,0,2
26,16,Kurla,0,5,30,0,1
26,16,Dadar,40,2,28,0,2
26,16,Byculla,0,0,26,0,0
26,16,CSMT,0,2,29,0,0
26,17,Thane,0,15,26,0,3
26,17,Dombivli,5,10,31,0,3
26,17,Ghatkopar,0,0,26,0,3
26,17,Kurla,0,5,27,0,3
26,17,Dadar,0,0,30,0,3
26,17,Byculla,0,2,29,0,2
26,17,CSMT,0,2,31,0,2
26,18,Thane,20,0,27,0,3
26,18,Dombivli,0,5,34,0,2
26,18,Ghatkopar,20,5,26,0,3
26,18,Kurla,0,0,26,0,3
26,18,Dadar,0,15,29,0,3
26,18,Byculla,0,10,29,0,3
26,18,CSMT,10,0,31,0,2
26,19,Thane,10,0,28,0,2
26,19,Dombivli,0,2,28,0,2
26,19,Ghatkopar,0,2,31,0,3
26,19,Kurla,0,5,29,0,3
26,19,Dadar,5,10,34,0,3
26,19,Byculla,40,2,29,0,3
26,19,CSMT,10,2,30,0,2
26,20,Thane,0,15,29,0,3
26,20,Dombivli,0,5,31,0,2
26,20,Ghatkopar,0,10,35,0,3
26,20,Kurla,5,2,28,0,3
26,20,Dadar,0,5,32,0,3
26,20,Byculla,5,10,29,0,3
26,20,CSMT,0,2,26,0,2
26,21,Thane,0,0,28,0,2
26,21,Dombivli,10,2,35,0,2
26,21,Ghatkopar,0,0,28,0,3
26,21,Kurla,0,2,30,0,3
26,21,Dadar,20,2,28,0,3
26,21,Byculla,0,0,34,0,2
26,21,CSMT,20,0,35,0,3
26,22,Thane,5,0,31,0,0
26,22,Dombivli,20,15,29,0,2
26,22,Ghatkopar,0,10,27,0,2
26,22,Kurla,0,5,26,0,1
26,22,Dadar,0,5,30,0,1
26,22,Byculla,20,15,34,0,2
26,22,CSMT,0,10,28,0,1
26,23,Thane,40,15,31,0,2
26,23,Dombivli,40,5,34,0,1
26,23,Ghatkopar,20,15,28,0,3
26,23,Kurla,5,10,30,0,2
26,23,Dadar,40,10,28,0,3
26,23,Byculla,10,2,32,0,0
26,23,CSMT,5,10,30,0,1
27,5,Thane,5,0,29,1,0
27,5,Dombivli,0,10,34,0,1
27,5,Ghatkopar,5,0,30,1,0
27,5,Kurla,0,0,32,0,1
27,5,Dadar,0,15,32,1,1
27,5,Byculla,0,10,35,0,1
27,5,CSMT,0,15,35,1,0
27,6,Thane,40,0,32,0,1
27,6,Dombivli,5,15,33,0,1
27,6,Ghatkopar,20,10,33,1,2
27,6,Kurla,40,5,29,1,1
27,6,Dadar,0,5,29,1,0
27,6,Byculla,20,15,35,0,2
27,6,CSMT,0,15,29,0,1
27,7,Thane,0,0,33,0,2
27,7,Dombivli,0,0,33,1,1
27,7,Ghatkopar,10,0,26,1,2
27,7,Kurla,10,0,31,1,2
27,7,Dadar,0,2,34,1,2
27,7,Byculla,0,0,33,0,2
27,7,CSMT,20,0,30,0,3
27,8,Thane,40,15,33,1,3
27,8,Dombivli,0,0,27,1,1
27,8,Ghatkopar,0,15,26,1,3
27,8,Kurla,20,2,26,1,3
27,8,Dadar,0,15,33,1,3
27,8,Byculla,20,15,33,0,3
27,8,CSMT,0,15,30,1,2
27,9,Thane,20,0,34,0,3
27,9,Dombivli,20,2,35,0,3
27,9,Ghatkopar,20,5,35,1,3
27,9,Kurla,0,15,33,1,3
27,9,Dadar,5,10,31,0,3
27,9,Byculla,40,10,28,0,3
27,9,CSMT,5,2,28,1,1
27,10,Thane,0,15,34,0,3
27,10,Dombivli,0,10,32,0,3
27,10,Ghatkopar,0,10,31,1,3
27,10,Kurla,20,0,31,0,3
27,10,Dadar,0,10,28,0,3
27,10,Byculla,40,5,34,1,2
27,10,CSMT,0,0,35,0,2
27,11,Thane,10,5,30,0,0
27,11,Dombivli,0,15,27,1,0
27,11,Ghatkopar,0,0,28,0,1
27,11,Kurla,0,0,34,0,1
27,11,Dadar,5,2,30,0,1
27,11,Byculla,10,0,28,0,0
27,11,CSMT,0,5,33,1,0
27,12,Thane,0,10,33,0,1
27,12,Dombivli,0,5,30,0,0
27,12,Ghatkopar,20,5,30,0,2
27,12,Kurla,0,5,30,0,1
27,12,Dadar,0,15,30,1,1
27,12,Byculla,40,5,29,0,1
27,12,CSMT,0,0,32,0,0
27,13,Thane,0,0,35,1,0
27,13,Dombivli,5,0,26,1,0
27,13,Ghatkopar,0,0,31,1,0
27,13,Kurla,0,5,29,1,0
27,13,Dadar,5,5,32,0,1
27,13,Byculla,0,5,31,1,0
27,13,CSMT,10,15,26,0,1
27,14,Thane,20,5,29,0,1
27,14,Dombivli,10,2,29,1,0
27,14,Ghatkopar,10,0,27,1,0
27,14,Kurla,10,15,30,0,2
27,14,Dadar,0,15,29,1,1
27,14,Byculla,10,10,35,1,0
27,14,CSMT,0,0,31,1,0
27,15,Thane,0,0,34,1,0
27,15,Dombivli,0,5,30,0,0
27,15,Ghatkopar,20,2,28,1,1
27,15,Kurla,0,0,27,0,1
27,15,Dadar,5,15,33,0,2
27,15,Byculla,0,0,30,0,0
27,15,CSMT,10,0,27,0,0
27,16,Thane,20,5,32,0,1
27,16,Dombivli,0,15,31,1,0
27,16,Ghatkopar,0,15,31,0,2
27,16,Kurla,0,5,27,1,0
27,16,Dadar,0,5,30,1,0
27,16,Byculla,5,2,32,0,0
27,16,CSMT,10,2,32,1,0
27,17,Thane,20,0,28,1,2
27,17,Dombivli,5,5,28,0,2
27,17,Ghatkopar,10,0,27,1,2
27,17,Kurla,20,10,31,1,3
27,17,Dadar,0,5,27,0,3
27,17,Byculla,0,2,26,1,1
27,17,CSMT,0,0,30,1,1
27,18,Thane,40,2,29,0,3
27,18,Dombivli,0,5,28,1,1
27,18,Ghatkopar,10,2,31,0,3
27,18,Kurla,5,10,27,1,3
27,18,Dadar,10,5,27,0,3
27,18,Byculla,40,5,29,0,3
27,18,CSMT,10,5,32,0,2
27,19,Thane,10,15,27,0,3
27,19,Dombivli,20,0,33,1,2
27,19,Ghatkopar,10,5,31,0,3
27,19,Kurla,0,0,32,0,3
27,19,Dadar,40,2,27,0,3
27,19,Byculla,0,2,33,1,1
27,19,CSMT,0,0,28,0,2
27,20,Thane,0,10,30,1,2
27,20,Dombivli,0,2,29,0,2
27,20,Ghatkopar,0,15,28,0,3
27,20,Kurla,0,15,27,0,3
27,20,Dadar,0,15,31,1,3
27,20,Byculla,0,0,27,0,2
27,20,CSMT,10,0,27,0,2
27,21,Thane,5,0,30,1,1
27,21,Dombivli,40,15,26,1,3
27,21,Ghatkopar,0,2,29,0,3
27,21,Kurla,0,2,27,0,3
27,21,Dadar,10,0,34,0,3
27,21,Byculla,40,10,32,0,3
27,21,CSMT,0,15,29,0,3
27,22,Thane,0,15,29,1,0
27,22,Dombivli,0,0,33,1,0
27,22,Ghatkopar,40,10,27,1,2
27,22,Kurla,0,5,34,0,1
27,22,Dadar,10,0,30,0,1
27,22,Byculla,20,15,30,0,2
27,22,CSMT,5,2,32,1,0
27,23,Thane,0,10,34,1,0
27,23,Dombivli,0,5,27,1,0
27,23,Ghatkopar,0,15,26,1,1
27,23,Kurla,0,0,31,0,1
27,23,Dadar,10,15,26,0,2
27,23,Byculla,0,0,28,1,0
27,23,CSMT,10,0,26,1,0
28,5,Thane,20,2,32,0,1
28,5,Dombivli,20,5,26,0,1
28,5,Ghatkopar,0,15,26,0,2
28,5,Kurla,20,10,33,0,3
28,5,Dadar,20,0,26,0,2
28,5,Byculla,0,10,30,0,1
28,5,CSMT,10,5,26,1,0
28,6,Thane,40,0,26,0,1
28,6,Dombivli,0,15,31,0,1
28,6,Ghatkopar,0,10,28,0,2
28,6,Kurla,40,2,33,0,2
28,6,Dadar,0,15,33,0,2
28,6,Byculla,0,10,35,0,1
28,6,CSMT,0,2,27,0,0
28,7,Thane,0,2,34,0,2
28,7,Dombivli,0,10,29,1,2
28,7,Ghatkopar,5,15,32,1,3
28,7,Kurla,20,0,34,1,3
28,7,Dadar,0,0,29,0,3
28,7,Byculla,0,0,30,1,1
28,7,CSMT,20,15,30,0,3
28,8,Thane,10,15,28,1,2
28,8,Dombivli,5,15,35,0,3
28,8,Ghatkopar,10,5,32,1,2
28,8,Kurla,5,15,31,1,3
28,8,Dadar,40,2,34,1,3
28,8,Byculla,0,0,30,0,2
28,8,CSMT,0,0,31,0,2
28,9,Thane,20,0,35,0,3
28,9,Dombivli,10,0,33,1,1
28,9,Ghatkopar,0,0,30,1,2
28,9,Kurla,5,5,29,0,3
28,9,Dadar,10,10,34,1,3
28,9,Byculla,0,2,34,0,2
28,9,CSMT,40,0,28,0,3
28,10,Thane,5,10,26,0,3
28,10,Dombivli,0,0,26,1,1
28,10,Ghatkopar,0,10,34,0,3
28,10,Kurla,0,0,32,1,2
28,10,Dadar,0,0,28,0,3
28,10,Byculla,0,0,35,0,2
28,10,CSMT,40,10,26,1,3
28,11,Thane,0,0,28,0,0
28,11,Dombivli,0,5,35,1,0
28,11,Ghatkopar,40,5,31,0,2
28,11,Kurla,0,2,27,1,0
28,11,Dadar,0,10,34,1,1
28,11,Byculla,0,15,32,0,1
28,11,CSMT,20,0,26,1,0
28,12,Thane,40,0,33,0,1
28,12,Dombivli,0,2,26,1,0
28,12,Ghatkopar,40,2,34,0,2
28,12,Kurla,0,15,29,1,1
28,12,Dadar,5,0,28,1,0
28,12,Byculla,10,10,29,0,1
28,12,CSMT,0,0,29,1,0
28,13,Thane,0,0,31,1,0
28,13,Dombivli,10,15,30,1,0
28,13,Ghatkopar,20,0,31,0,2
28,13,Kurla,0,2,31,0,1
28,13,Dadar,5,0,34,0,1
28,13,Byculla,10,0,32,1,0
28,13,CSMT,20,2,35,1,0
28,14,Thane,0,15,28,1,0
28,14,Dombivli,0,2,27,0,0
28,14,Ghatkopar,40,2,27,1,1
28,14,Kurla,0,5,32,1,0
28,14,Dadar,0,0,33,0,1
28,14,Byculla,40,2,35,1,0
28,14,CSMT,0,5,31,0,0
28,15,Thane,0,0,29,1,0
28,15,Dombivli,20,0,31,0,1
28,15,Ghatkopar,10,0,28,1,0
28,15,Kurla,5,10,26,0,2
28,15,Dadar,0,0,30,1,0
28,15,Byculla,40,15,27,0,2
28,15,CSMT,0,0,29,1,0
28,16,Thane,0,2,27,0,0
28,16,Dombivli,40,15,27,1,1
28,16,Ghatkopar,0,2,28,1,0
28,16,Kurla,10,0,33,0,1
28,16,Dadar,10,5,26,0,1
28,16,Byculla,0,15,32,0,1
28,16,CSMT,20,5,29,1,0
28,17,Thane,20,5,34,1,2
28,17,Dombivli,40,15,31,0,3
28,17,Ghatkopar,0,10,34,1,3
28,17,Kurla,0,2,30,0,3
28,17,Dadar,0,15,34,1,3
28,17,Byculla,5,5,28,0,2
28,17,CSMT,20,15,26,0,3
28,18,Thane,0,2,29,0,2
28,18,Dombivli,0,0,34,1,1
28,18,Ghatkopar,0,10,32,0,3
28,18,Kurla,0,5,33,1,2
28,18,Dadar,40,10,30,1,3
28,18,Byculla,0,0,26,1,1
28,18,CSMT,20,10,26,0,3
28,19,Thane,0,0,30,0,2
28,19,Dombivli,0,10,30,0,3
28,19,Ghatkopar,20,10,30,0,3
28,19,Kurla,10,5,33,0,3
28,19,Dadar,0,15,28,0,3
28,19,Byculla,0,10,30,0,3
28,19,CSMT,10,10,29,0,3
28,20,Thane,5,5,32,1,1
28,20,Dombivli,0,0,34,0,2
28,20,Ghatkopar,0,0,31,1,2
28,20,Kurla,0,10,29,1,3
28,20,Dadar,10,5,35,0,3
28,20,Byculla,20,0,28,1,2
28,20,CSMT,0,0,26,1,1
28,21,Thane,5,2,27,1,1
28,21,Dombivli,20,2,34,1,2
28,21,Ghatkopar,20,10,35,1,3
28,21,Kurla,5,10,31,1,3
28,21,Dadar,5,15,30,0,3
28,21,Byculla,0,5,33,1,1
28,21,CSMT,0,0,34,0,2
28,22,Thane,20,10,27,1,1
28,22,Dombivli,0,5,28,0,0
28,22,Ghatkopar,40,5,28,1,1
28,22,Kurla,5,2,32,0,1
28,22,Dadar,0,2,32,1,0
28,22,Byculla,0,2,32,0,0
28,22,CSMT,0,15,30,1,0
28,23,Thane,0,10,29,0,1
28,23,Dombivli,0,2,33,0,0
28,23,Ghatkopar,0,2,35,0,1
28,23,Kurla,0,5,32,1,0
28,23,Dadar,0,10,30,1,1
28,23,Byculla,10,2,29,1,0
28,23,CSMT,20,0,27,1,0
29,5,Thane,0,0,33,0,0
29,5,Dombivli,0,5,31,0,0
29,5,Ghatkopar,0,0,28,0,1
29,5,Kurla,10,0,31,0,1
29,5,Dadar,10,0,26,0,1
29,5,Byculla,10,5,32,0,0
29,5,CSMT,5,15,28,0,1
29,6,Thane,0,2,26,0,0
29,6,Dombivli,10,0,33,0,0
29,6,Ghatkopar,0,0,28,0,1
29,6,Kurla,0,15,34,0,2
29,6,Dadar,10,0,29,0,1
29,6,Byculla,0,10,28,0,1
29,6,CSMT,0,2,26,0,0
29,7,Thane,0,5,28,0,2
29,7,Dombivli,40,0,28,0,3
29,7,Ghatkopar,0,15,29,0,3
29,7,Kurla,20,2,32,0,3
29,7,Dadar,0,2,28,0,3
29,7,Byculla,10,0,28,0,2
29,7,CSMT,0,2,27,0,2
29,8,Thane,40,15,32,0,3
29,8,Dombivli,40,0,30,0,3
29,8,Ghatkopar,0,10,35,0,3
29,8,Kurla,0,0,34,0,3
29,8,Dadar,10,10,28,0,3
29,8,Byculla,10,5,35,0,2
29,8,CSMT,5,10,27,0,3
29,9,Thane,0,5,33,0,2
29,9,Dombivli,40,5,30,0,3
29,9,Ghatkopar,10,10,33,0,3
29,9,Kurla,10,15,34,0,3
29,9,Dadar,40,2,34,0,3
29,9,Byculla,0,10,34,0,3
29,9,CSMT,10,2,32,0,2
29,10,Thane,40,10,34,0,3
29,10,Dombivli,0,2,32,0,2
29,10,Ghatkopar,5,0,30,0,3
29,10,Kurla,20,0,32,0,3
29,10,Dadar,10,0,27,0,3
29,10,Byculla,5,5,31,0,2
29,10,CSMT,0,5,33,0,2
29,11,Thane,10,15,29,0,1
29,11,Dombivli,0,0,26,0,0
29,11,Ghatkopar,0,5,26,0,1
29,11,Kurla,10,5,26,0,1
29,11,Dadar,20,5,34,0,2
29,11,Byculla,20,2,29,0,1
29,11,CSMT,0,10,34,0,1
29,12,Thane,20,5,32,0,1
29,12,Dombivli,0,15,35,0,1
29,12,Ghatkopar,0,0,32,0,1
29,12,Kurla,10,0,30,0,1
29,12,Dadar,0,5,32,0,1
29,12,Byculla,0,15,30,0,1
29,12,CSMT,0,0,26,0,0
29,13,Thane,0,15,28,0,1
29,13,Dombivli,20,5,35,0,1
29,13,Ghatkopar,0,5,34,0,1
29,13,Kurla,0,5,30,0,1
29,13,Dadar,40,15,30,0,3
29,13,Byculla,5,0,28,0,0
29,13,CSMT,10,5,30,0,0
29,14,Thane,10,2,27,0,0
29,14,Dombivli,0,0,31,0,0
29,14,Ghatkopar,20,0,26,0,2
29,14,Kurla,0,10,29,0,2
29,14,Dadar,20,5,26,0,2
29,14,Byculla,0,10,34,0,1
29,14,CSMT,5,2,27,0,0
29,15,Thane,0,10,28,0,1
29,15,Dombivli,0,5,29,0,0
29,15,Ghatkopar,0,0,30,0,1
29,15,Kurla,0,0,28,0,1
29,15,Dadar,5,0,28,0,1
29,15,Byculla,40,5,27,0,1
29,15,CSMT,0,2,27,0,0
29,16,Thane,40,0,32,0,1
29,16,Dombivli,0,2,27,0,0
29,16,Ghatkopar,5,2,30,0,1
29,16,Kurla,0,0,31,0,1
29,16,Dadar,0,5,35,0,1
29,16,Byculla,0,15,35,0,1
29,16,CSMT,40,5,33,0,1
29,17,Thane,0,15,26,0,3
29,17,Dombivli,40,10,28,0,3
29,17,Ghatkopar,0,2,34,0,3
29,17,Kurla,0,0,31,0,3
29,17,Dadar,0,0,32,0,3
29,17,Byculla,0,5,29,0,2
29,17,CSMT,0,15,30,0,3
29,18,Thane,0,0,26,0,2
29,18,Dombivli,0,15,26,0,3
29,18,Ghatkopar,0,0,31,0,3
29,18,Kurla,0,0,33,0,3
29,18,Dadar,20,0,28,0,3
29,18,Byculla,0,5,34,0,2
29,18,CSMT,0,15,35,0,3
29,19,Thane,20,0,27,0,3
29,19,Dombivli,10,2,26,0,2
29,19,Ghatkopar,20,5,26,0,3
29,19,Kurla,40,0,27,0,3
29,19,Dadar,0,15,28,0,3
29,19,Byculla,0,2,28,0,2
29,19,CSMT,0,0,26,0,2
29,20,Thane,0,0,33,0,2
29,20,Dombivli,0,15,32,0,3
29,20,Ghatkopar,10,5,27,0,3
29,20,Kurla,0,15,35,0,3
29,20,Dadar,40,15,35,0,3
29,20,Byculla,10,10,31,0,3
29,20,CSMT,10,2,28,0,2
29,21,Thane,40,5,26,0,3
29,21,Dombivli,40,15,26,0,3
29,21,Ghatkopar,5,15,35,0,3
29,21,Kurla,0,0,27,0,3
29,21,Dadar,0,0,32,0,3
29,21,Byculla,5,10,32,0,3
29,21,CSMT,5,15,30,0,3
29,22,Thane,0,0,34,0,0
29,22,Dombivli,0,5,27,0,0
29,22,Ghatkopar,10,0,31,0,1
29,22,Kurla,0,10,31,0,2
29,22,Dadar,10,15,32,0,2
29,22,Byculla,0,2,35,0,0
29,22,CSMT,5,2,35,0,0
29,23,Thane,10,10,27,0,1
29,23,Dombivli,0,10,26,0,1
29,23,Ghatkopar,20,10,35,0,3
29,23,Kurla,5,0,32,0,1
29,23,Dadar,5,5,30,0,1
29,23,Byculla,20,15,35,0,2
29,23,CSMT,0,10,35,0,1
30,5,Thane,0,5,26,0,0
30,5,Dombivli,0,15,34,0,1
30,5,Ghatkopar,20,5,34,0,2
30,5,Kurla,20,0,32,0,2
30,5,Dadar,5,2,34,0,1
30,5,Byculla,0,15,31,0,1
30,5,CSMT,0,2,31,0,0
30,6,Thane,10,0,34,0,0
30,6,Dombivli,0,0,31,0,0
30,6,Ghatkopar,20,0,34,0,2
30,6,Kurla,0,10,31,0,2
30,6,Dadar,0,10,29,0,2
30,6,Byculla,10,5,35,0,0
30,6,CSMT,0,5,35,0,0
30,7,Thane,10,2,31,0,2
30,7,Dombivli,20,0,34,0,3
30,7,Ghatkopar,5,2,27,0,3
30,7,Kurla,5,0,30,0,3
30,7,Dadar,10,15,26,0,3
30,7,Byculla,0,0,30,0,2
30,7,CSMT,0,0,30,0,2
30,8,Thane,5,5,30,0,2
30,8,Dombivli,0,2,27,0,2
30,8,Ghatkopar,10,5,33,0,3
30,8,Kurla,0,2,33,0,3
30,8,Dadar,20,10,29,0,3
30,8,Byculla,10,10,34,0,3
30,8,CSMT,0,0,33,0,2
30,9,Thane,0,15,28,0,3
30,9,Dombivli,10,0,27,0,2
30,9,Ghatkopar,0,5,29,0,3
30,9,Kurla,0,15,34,0,3
30,9,Dadar,10,10,28,0,3
30,9,Byculla,0,10,32,0,3
30,9,CSMT,0,0,33,0,2
30,10,Thane,0,5,35,0,2
30,10,Dombivli,0,10,34,0,3
30,10,Ghatkopar,0,10,29,0,3
30,10,Kurla,20,0,29,0,3
30,10,Dadar,0,0,27,0,3
30,10,Byculla,40,0,30,0,3
30,10,CSMT,0,5,29,0,2
30,11,Thane,0,0,27,0,0
30,11,Dombivli,0,0,32,0,0
30,11,Ghatkopar,0,15,31,0,2
30,11,Kurla,10,5,30,0,1
30,11,Dadar,0,15,33,0,2
30,11,Byculla,20,15,32,0,2
30,11,CSMT,0,5,33,0,0
30,12,Thane,0,0,27,0,0
30,12,Dombivli,0,0,32,0,0
30,12,Ghatkopar,10,5,33,0,1
30,12,Kurla,0,2,35,0,1
30,12,Dadar,5,0,29,0,1
30,12,Byculla,0,0,34,0,0
30,12,CSMT,0,5,33,0,0
30,13,Thane,20,5,27,0,1
30,13,Dombivli,0,0,29,0,0
30,13,Ghatkopar,5,2,32,0,1
30,13,Kurla,0,5,27,0,1
30,13,Dadar,0,0,33,0,1
30,13,Byculla,20,15,34,0,2
30,13,CSMT,0,5,29,0,0
30,14,Thane,40,0,29,0,1
30,14,Dombivli,40,15,28,0,2
30,14,Ghatkopar,20,2,32,0,2
30,14,Kurla,10,0,27,0,1
30,14,Dadar,0,5,33,0,1
30,14,Byculla,0,2,29,0,0
30,14,CSMT,20,5,31,0,1
30,15,Thane,10,0,33,0,0
30,15,Dombivli,0,2,35,0,0
30,15,Ghatkopar,20,2,26,0,2
30,15,Kurla,10,15,27,0,2
30,15,Dadar,0,2,31,0,1
30,15,Byculla,0,0,27,0,0
30,15,CSMT,0,15,35,0,1
30,16,Thane,0,0,26,0,0
30,16,Dombivli,0,10,32,0,1
30,16,Ghatkopar,0,0,29,0,1
30,16,Kurla,10,0,31,0,1
30,16,Dadar,0,0,32,0,1
30,16,Byculla,5,15,26,0,1
30,16,CSMT,5,10,28,0,1
30,17,Thane,40,2,27,0,3
30,17,Dombivli,40,0,28,0,3
30,17,Ghatkopar,0,0,28,0,3
30,17,Kurla,20,0,34,0,3
30,17,Dadar,5,10,27,0,3
30,17,Byculla,0,2,28,0,2
30,17,CSMT,0,5,34,0,2
30,18,Thane,0,0,35,0,2
30,18,Dombivli,0,2,34,0,2
30,18,Ghatkopar,0,15,27,0,3
30,18,Kurla,0,5,31,0,3
30,18,Dadar,0,5,35,0,3
30,18,Byculla,40,15,32,0,3
30,18,CSMT,10,5,32,0,2
30,19,Thane,0,15,28,0,3
30,19,Dombivli,20,10,33,0,3
30,19,Ghatkopar,40,15,26,0,3
30,19,Kurla,0,15,33,0,3
30,19,Dadar,0,15,30,0,3
30,19,Byculla,10,0,35,0,2
30,19,CSMT,0,15,33,0,3
30,20,Thane,0,0,31,0,2
30,20,Dombivli,0,5,27,0,2
30,20,Ghatkopar,40,0,28,0,3
30,20,Kurla,0,2,31,0,3
30,20,Dadar,5,0,30,0,3
30,20,Byculla,0,10,29,0,3
30,20,CSMT,20,2,27,0,3
30,21,Thane,0,0,34,0,2
30,21,Dombivli,5,5,28,0,2
30,21,Ghatkopar,20,2,31,0,3
30,21,Kurla,0,5,28,0,3
30,21,Dadar,0,0,30,0,3
30,21,Byculla,0,2,30,0,2
30,21,CSMT,40,15,34,0,3
30,22,Thane,0,0,32,0,0
30,22,Dombivli,0,15,32,0,1
30,22,Ghatkopar,20,0,34,0,2
30,22,Kurla,5,10,32,0,2
30,22,Dadar,10,10,31,0,2
30,22,Byculla,0,0,33,0,0
30,22,CSMT,10,0,29,0,0
30,23,Thane,10,15,32,0,1
30,23,Dombivli,0,2,35,0,0
30,23,Ghatkopar,0,0,31,0,1
30,23,Kurla,5,2,26,0,1
30,23,Dadar,5,15,28,0,2
30,23,Byculla,0,10,35,0,1
30,23,CSMT,5,15,29,0,1
